sample_id,workload_type,seed,initial_head,request_count,best_scheduler,mean_position,std_position,request_range,min_position,max_position,mean_abs_step,median_abs_step,increasing_ratio,decreasing_ratio,direction_change_ratio,head_to_mean_distance,FCFS_movement,SSTF_movement,SCAN_movement,C-SCAN_movement
0,uniform,1000,50,40,SSTF,100.5,54.8279125993321,196.0,0.0,196.0,66.7948717948718,60.0,0.48717948717948717,0.5128205128205128,0.6842105263157895,50.5,2615,344,348,397
1,uniform,1001,50,40,SSTF,87.55,60.83911159772141,193.0,3.0,196.0,75.64102564102564,72.0,0.48717948717948717,0.48717948717948717,0.7027027027027027,37.55,3080,339,345,390
2,uniform,1002,50,40,SSTF,99.4,57.844533017390674,197.0,0.0,197.0,72.71794871794872,79.0,0.48717948717948717,0.5128205128205128,0.6842105263157895,49.400000000000006,2906,344,348,385
3,uniform,1003,50,40,SSTF,102.375,53.16657196961263,194.0,0.0,194.0,60.76923076923077,57.0,0.5128205128205128,0.48717948717948717,0.6842105263157895,52.375,2379,338,348,391
4,uniform,1004,50,40,SSTF,96.15,56.63371345762169,199.0,0.0,199.0,60.94871794871795,55.0,0.48717948717948717,0.48717948717948717,0.7297297297297297,46.150000000000006,2472,348,348,390
5,uniform,1005,50,40,SSTF,116.25,56.27732669557075,183.0,16.0,199.0,70.46153846153847,57.0,0.4358974358974359,0.5384615384615384,0.6216216216216216,66.25,2784,332,332,386
6,uniform,1006,50,40,SSTF,106.475,55.55897204772601,193.0,3.0,196.0,67.2051282051282,62.0,0.5384615384615384,0.46153846153846156,0.6578947368421053,56.474999999999994,2674,240,345,397
7,uniform,1007,50,40,SSTF,101.925,60.125862779672445,186.0,8.0,194.0,59.76923076923077,45.0,0.5384615384615384,0.4358974358974359,0.5675675675675675,51.925,2371,228,340,393
8,uniform,1008,50,40,SSTF,95.275,56.95655690963069,192.0,4.0,196.0,85.02564102564102,70.0,0.48717948717948717,0.5128205128205128,0.7631578947368421,45.275000000000006,3337,244,344,391
9,uniform,1009,50,40,SSTF,95.35,58.59033623388758,190.0,5.0,195.0,71.71794871794872,61.0,0.41025641025641024,0.5641025641025641,0.6486486486486487,45.349999999999994,2892,265,343,392
10,uniform,1010,50,40,SSTF,93.575,61.24168821154427,194.0,4.0,198.0,77.05128205128206,82.0,0.48717948717948717,0.5128205128205128,0.7368421052631579,43.575,3093,244,344,394
11,uniform,1011,50,40,SSTF,93.7,56.00008928564311,197.0,0.0,197.0,69.8974358974359,59.0,0.4358974358974359,0.5641025641025641,0.7894736842105263,43.7,2733,346,348,397
12,uniform,1012,50,40,SSTF,105.15,53.397354803398265,172.0,26.0,198.0,67.6923076923077,63.0,0.5384615384615384,0.46153846153846156,0.6578947368421053,55.150000000000006,2738,196,322,395
13,uniform,1013,50,40,SSTF,115.075,53.35793638251015,183.0,15.0,198.0,69.74358974358974,65.0,0.5128205128205128,0.48717948717948717,0.6842105263157895,65.075,2742,244,333,395
14,uniform,1014,50,40,SCAN,104.475,54.50274649042927,196.0,2.0,198.0,75.2051282051282,70.0,0.5128205128205128,0.48717948717948717,0.6842105263157895,54.474999999999994,3001,382,346,394
15,uniform,1015,50,40,SSTF,95.5,54.2222279143895,183.0,6.0,189.0,74.05128205128206,60.0,0.5128205128205128,0.46153846153846156,0.8378378378378378,45.5,2950,322,342,381
16,uniform,1016,50,40,SCAN,97.425,51.96580005157238,188.0,2.0,190.0,70.87179487179488,71.0,0.48717948717948717,0.5128205128205128,0.7631578947368421,47.425,2842,350,346,397
17,uniform,1017,50,40,SCAN,98.925,57.904830325284614,190.0,7.0,197.0,59.58974358974359,48.0,0.48717948717948717,0.5128205128205128,0.5789473684210527,48.925,2471,345,341,395
18,uniform,1018,50,40,SSTF,111.2,58.20704424723866,193.0,3.0,196.0,65.48717948717949,64.0,0.4358974358974359,0.5641025641025641,0.6578947368421053,61.2,2682,339,345,373
19,uniform,1019,50,40,SSTF,87.25,58.024025196464954,190.0,2.0,192.0,60.256410256410255,58.0,0.48717948717948717,0.5128205128205128,0.6052631578947368,37.25,2367,332,346,391
20,uniform,1020,50,40,SSTF,110.55,48.83387656125612,180.0,5.0,185.0,52.64102564102564,45.0,0.5128205128205128,0.48717948717948717,0.7368421052631579,60.55,2173,333,343,395
21,uniform,1021,50,40,SSTF,97.175,57.08409914328157,189.0,9.0,198.0,68.7948717948718,69.0,0.48717948717948717,0.5128205128205128,0.5526315789473685,47.175,2699,337,339,387
22,uniform,1022,50,40,SSTF,107.475,60.186372003967804,191.0,0.0,191.0,67.33333333333333,65.0,0.5128205128205128,0.48717948717948717,0.7368421052631579,57.474999999999994,2750,332,348,389
23,uniform,1023,50,40,SSTF,90.9,56.569337984459395,181.0,0.0,181.0,76.28205128205128,70.0,0.5128205128205128,0.48717948717948717,0.6842105263157895,40.900000000000006,2977,312,348,384
24,uniform,1024,50,40,SSTF,107.225,51.382140622983,193.0,4.0,197.0,61.02564102564103,60.0,0.48717948717948717,0.48717948717948717,0.5945945945945946,57.224999999999994,2441,241,344,394
25,uniform,1025,50,40,SSTF,104.925,61.460307312931654,198.0,1.0,199.0,70.17948717948718,69.0,0.46153846153846156,0.5384615384615384,0.6578947368421053,54.925,2834,347,347,393
26,uniform,1026,50,40,SSTF,107.6,55.957037090968285,192.0,7.0,199.0,75.02564102564102,71.0,0.48717948717948717,0.5128205128205128,0.7105263157894737,57.599999999999994,3000,239,341,394
27,uniform,1027,50,40,SCAN,103.525,57.24377149524654,196.0,2.0,198.0,66.74358974358974,66.0,0.5128205128205128,0.48717948717948717,0.7105263157894737,53.525000000000006,2676,350,346,395
28,uniform,1028,50,40,SSTF,90.825,51.02493875547525,183.0,14.0,197.0,46.17948717948718,31.0,0.46153846153846156,0.5384615384615384,0.5,40.825,1867,219,334,396
29,uniform,1029,50,40,SSTF,102.725,58.57174553485665,191.0,1.0,192.0,75.0,75.0,0.6153846153846154,0.38461538461538464,0.631578947368421,52.724999999999994,2986,240,347,395
30,uniform,1030,50,40,SSTF,87.25,59.42379573874425,196.0,2.0,198.0,80.43589743589743,86.0,0.46153846153846156,0.5384615384615384,0.7368421052631579,37.25,3161,244,346,397
31,uniform,1031,50,40,SSTF,101.225,58.6794203703479,189.0,1.0,190.0,68.87179487179488,65.0,0.5641025641025641,0.4358974358974359,0.7105263157894737,51.224999999999994,2815,329,347,392
32,uniform,1032,50,40,SSTF,101.025,61.446923234609564,193.0,6.0,199.0,78.0,84.0,0.5128205128205128,0.48717948717948717,0.6842105263157895,51.025000000000006,3077,237,342,397
33,uniform,1033,50,40,SSTF,107.75,53.11438129169914,182.0,8.0,190.0,70.17948717948718,71.0,0.5641025641025641,0.4358974358974359,0.7631578947368421,57.75,2806,238,340,390
34,uniform,1034,50,40,SSTF,107.35,64.82304759882862,195.0,1.0,196.0,77.48717948717949,71.0,0.5384615384615384,0.46153846153846156,0.7105263157894737,57.349999999999994,3093,282,347,394
35,uniform,1035,50,40,SSTF,100.75,55.262894422930835,196.0,1.0,197.0,62.794871794871796,47.0,0.5641025641025641,0.4358974358974359,0.5789473684210527,50.75,2460,343,347,394
36,uniform,1036,50,40,SSTF,93.55,58.745191292564535,198.0,0.0,198.0,63.333333333333336,58.0,0.46153846153846156,0.5384615384615384,0.6578947368421053,43.55,2495,346,348,387
37,uniform,1037,50,40,SSTF,108.35,50.773787528605745,189.0,10.0,199.0,65.58974358974359,64.0,0.48717948717948717,0.5128205128205128,0.7105263157894737,58.349999999999994,2587,229,338,396
38,uniform,1038,50,40,SSTF,90.275,51.737794454344495,181.0,7.0,188.0,56.17948717948718,42.0,0.46153846153846156,0.5384615384615384,0.7894736842105263,40.275000000000006,2230,228,341,392
39,uniform,1039,50,40,SSTF,105.65,52.48740325068482,184.0,4.0,188.0,67.51282051282051,61.0,0.5384615384615384,0.46153846153846156,0.6842105263157895,55.650000000000006,2686,230,344,395
40,uniform,1040,50,40,SSTF,107.75,53.866385622204135,191.0,7.0,198.0,70.97435897435898,63.0,0.46153846153846156,0.5384615384615384,0.7631578947368421,57.75,2778,339,341,389
41,uniform,1041,50,40,SSTF,104.425,51.30101729010839,162.0,19.0,181.0,65.0,57.0,0.4358974358974359,0.5384615384615384,0.7027027027027027,54.425,2661,193,329,396
42,uniform,1042,50,40,SSTF,93.35,52.83064924832933,194.0,1.0,195.0,73.51282051282051,72.0,0.4358974358974359,0.5641025641025641,0.7368421052631579,43.349999999999994,2967,247,347,394
43,uniform,1043,50,40,SSTF,92.775,60.55554784658463,194.0,5.0,199.0,72.35897435897436,71.0,0.48717948717948717,0.48717948717948717,0.6216216216216216,42.775000000000006,2906,343,343,392
44,uniform,1044,50,40,SSTF,99.375,57.328303437307476,199.0,0.0,199.0,69.64102564102564,52.0,0.5384615384615384,0.46153846153846156,0.7894736842105263,49.375,2719,257,348,397
45,uniform,1045,50,40,SCAN,90.15,60.36992214671144,194.0,3.0,197.0,86.33333333333333,88.0,0.5128205128205128,0.48717948717948717,0.6842105263157895,40.150000000000006,3459,347,345,395
46,uniform,1046,50,40,SSTF,92.7,53.52065022026545,196.0,3.0,199.0,49.46153846153846,46.0,0.4358974358974359,0.5384615384615384,0.6486486486486487,42.7,1976,345,345,382
47,uniform,1047,50,40,SSTF,105.975,53.13543426942138,189.0,9.0,198.0,62.53846153846154,54.0,0.5897435897435898,0.41025641025641024,0.6052631578947368,55.974999999999994,2462,337,339,377
48,uniform,1048,50,40,SSTF,98.8,61.30057095982059,190.0,4.0,194.0,82.2051282051282,82.0,0.5897435897435898,0.41025641025641024,0.7368421052631579,48.8,3300,334,344,391
49,uniform,1049,50,40,SSTF,108.7,48.72330038082396,190.0,5.0,195.0,59.282051282051285,52.0,0.5384615384615384,0.46153846153846156,0.5526315789473685,58.7,2450,335,343,391
50,uniform,1050,50,40,SSTF,91.225,58.061815119749745,197.0,2.0,199.0,66.92307692307692,55.0,0.5128205128205128,0.48717948717948717,0.6578947368421053,41.224999999999994,2628,346,346,394
51,uniform,1051,50,40,SSTF,93.05,61.753117330220675,197.0,1.0,198.0,64.94871794871794,55.0,0.48717948717948717,0.5128205128205128,0.6052631578947368,43.05,2565,250,347,395
52,uniform,1052,50,40,SSTF,100.075,60.062212538333945,193.0,0.0,193.0,63.666666666666664,50.0,0.4358974358974359,0.5641025641025641,0.6842105263157895,50.075,2561,257,348,397
53,uniform,1053,50,40,SCAN,115.475,53.98517736379126,194.0,4.0,198.0,62.84615384615385,52.0,0.48717948717948717,0.5128205128205128,0.6578947368421053,65.475,2459,348,344,395
54,uniform,1054,50,40,SSTF,101.65,56.921678647067324,198.0,1.0,199.0,64.71794871794872,50.0,0.46153846153846156,0.5384615384615384,0.6052631578947368,51.650000000000006,2532,249,347,396
55,uniform,1055,50,40,SSTF,92.2,55.18749858437144,186.0,0.0,186.0,77.12820512820512,74.0,0.48717948717948717,0.5128205128205128,0.7368421052631579,42.2,3049,322,348,373
56,uniform,1056,50,40,SSTF,90.35,52.76625342015482,184.0,4.0,188.0,59.07692307692308,50.0,0.48717948717948717,0.5128205128205128,0.6578947368421053,40.349999999999994,2388,230,344,397
57,uniform,1057,50,40,SSTF,89.125,58.0535044161849,197.0,2.0,199.0,60.97435897435897,59.0,0.41025641025641024,0.5897435897435898,0.631578947368421,39.125,2496,247,346,393
58,uniform,1058,50,40,SSTF,80.7,58.50051281826511,198.0,0.0,198.0,69.25641025641026,57.0,0.41025641025641024,0.5897435897435898,0.7105263157894737,30.700000000000003,2849,248,348,395
59,uniform,1059,50,40,SSTF,91.55,59.52770363452634,198.0,0.0,198.0,69.7948717948718,63.0,0.46153846153846156,0.5384615384615384,0.6578947368421053,41.55,2800,248,348,396
60,uniform,1060,50,40,SCAN,106.15,59.908075415589835,181.0,17.0,198.0,69.97435897435898,56.0,0.4358974358974359,0.5641025641025641,0.7105263157894737,56.150000000000006,2761,341,331,397
61,uniform,1061,50,40,SSTF,83.425,58.51319829747815,191.0,4.0,195.0,54.94871794871795,48.0,0.5384615384615384,0.46153846153846156,0.5263157894736842,33.425,2287,237,344,397
62,uniform,1062,50,40,SSTF,99.425,52.55896093912055,198.0,0.0,198.0,62.35897435897436,52.0,0.48717948717948717,0.5128205128205128,0.631578947368421,49.425,2552,248,348,393
63,uniform,1063,50,40,SSTF,120.625,56.64966350297237,181.0,15.0,196.0,63.35897435897436,54.0,0.5641025641025641,0.4358974358974359,0.5526315789473685,70.625,2505,327,333,389
64,uniform,1064,50,40,SSTF,110.1,53.652958911881086,182.0,12.0,194.0,63.8974358974359,53.0,0.5897435897435898,0.41025641025641024,0.7105263157894737,60.099999999999994,2604,226,336,393
65,uniform,1065,50,40,SSTF,113.6,58.24937767907911,191.0,8.0,199.0,64.43589743589743,55.0,0.5128205128205128,0.48717948717948717,0.631578947368421,63.599999999999994,2647,233,340,397
66,uniform,1066,50,40,SSTF,122.15,53.0276107325231,194.0,5.0,199.0,62.94871794871795,62.0,0.5384615384615384,0.4358974358974359,0.6756756756756757,72.15,2596,239,343,397
67,uniform,1067,50,40,SSTF,103.3,59.22339064930342,196.0,1.0,197.0,73.84615384615384,61.0,0.5128205128205128,0.46153846153846156,0.7297297297297297,53.3,2921,253,347,392
68,uniform,1068,50,40,SSTF,112.825,56.675341860459916,182.0,15.0,197.0,64.56410256410257,59.0,0.5128205128205128,0.48717948717948717,0.5789473684210527,62.825,2553,331,333,397
69,uniform,1069,50,40,SCAN,104.425,56.659900944142144,198.0,0.0,198.0,83.23076923076923,89.0,0.5384615384615384,0.46153846153846156,0.8421052631578947,54.425,3304,358,348,397
70,uniform,1070,50,40,SSTF,99.525,71.27797257919168,196.0,1.0,197.0,75.56410256410257,55.0,0.5641025641025641,0.4358974358974359,0.6842105263157895,49.525000000000006,2971,251,347,392
71,uniform,1071,50,40,SSTF,101.325,55.69263304064551,190.0,0.0,190.0,69.58974358974359,60.0,0.48717948717948717,0.5128205128205128,0.6052631578947368,51.325,2808,240,348,396
72,uniform,1072,50,40,SSTF,104.475,49.15637674808834,196.0,3.0,199.0,62.46153846153846,63.0,0.48717948717948717,0.5128205128205128,0.6842105263157895,54.474999999999994,2543,257,345,389
73,uniform,1073,50,40,SSTF,91.8,56.18683119735442,195.0,4.0,199.0,62.0,42.0,0.48717948717948717,0.5128205128205128,0.6842105263157895,41.8,2456,344,344,393
74,uniform,1074,50,40,SSTF,101.15,50.08170823763902,175.0,24.0,199.0,56.256410256410255,46.0,0.5384615384615384,0.46153846153846156,0.6578947368421053,51.150000000000006,2248,201,324,393
75,uniform,1075,50,40,SSTF,104.775,54.38220641901172,186.0,8.0,194.0,69.05128205128206,58.0,0.48717948717948717,0.5128205128205128,0.8157894736842105,54.775000000000006,2822,230,340,392
76,uniform,1076,50,40,SSTF,108.35,56.792847260900736,184.0,8.0,192.0,64.64102564102564,49.0,0.41025641025641024,0.5897435897435898,0.6578947368421053,58.349999999999994,2565,226,340,391
77,uniform,1077,50,40,SSTF,105.825,55.681634090604774,193.0,1.0,194.0,67.74358974358974,45.0,0.5384615384615384,0.46153846153846156,0.6578947368421053,55.825,2737,242,347,395
78,uniform,1078,50,40,SSTF,97.075,52.97942407199233,185.0,6.0,191.0,48.87179487179487,36.0,0.5384615384615384,0.4358974358974359,0.5945945945945946,47.075,2034,326,342,393
79,uniform,1079,50,40,SSTF,110.05,57.82903682407308,196.0,2.0,198.0,65.71794871794872,60.0,0.5641025641025641,0.4358974358974359,0.6842105263157895,60.05,2593,346,346,397
80,uniform,1080,50,40,SCAN,113.275,57.001310291957324,196.0,3.0,199.0,64.58974358974359,48.0,0.5897435897435898,0.41025641025641024,0.6052631578947368,63.275000000000006,2590,375,345,394
81,uniform,1081,50,40,SSTF,103.825,54.29911946799874,192.0,6.0,198.0,64.05128205128206,64.0,0.48717948717948717,0.5128205128205128,0.6842105263157895,53.825,2563,236,342,395
82,uniform,1082,50,40,SSTF,90.975,57.83013379718224,192.0,2.0,194.0,63.92307692307692,52.0,0.46153846153846156,0.5384615384615384,0.6842105263157895,40.974999999999994,2561,250,346,395
83,uniform,1083,50,40,SSTF,95.55,53.83862461096123,198.0,0.0,198.0,69.87179487179488,67.0,0.5384615384615384,0.46153846153846156,0.6842105263157895,45.55,2779,248,348,397
84,uniform,1084,50,40,SSTF,88.825,60.455308906662616,187.0,7.0,194.0,73.0,61.0,0.48717948717948717,0.5128205128205128,0.7105263157894737,38.825,2854,331,341,391
85,uniform,1085,50,40,SSTF,90.95,57.32580134633968,188.0,10.0,198.0,67.92307692307692,64.0,0.41025641025641024,0.5897435897435898,0.6842105263157895,40.95,2711,234,338,394
86,uniform,1086,50,40,SSTF,110.275,53.037716532671354,192.0,4.0,196.0,58.1025641025641,46.0,0.5641025641025641,0.4358974358974359,0.6578947368421053,60.275000000000006,2360,340,344,397
87,uniform,1087,50,40,SSTF,99.525,48.60040509090434,174.0,9.0,183.0,50.23076923076923,39.0,0.5384615384615384,0.46153846153846156,0.5789473684210527,49.525000000000006,2008,327,339,396
88,uniform,1088,50,40,SSTF,102.375,53.90022611269826,190.0,7.0,197.0,61.8974358974359,58.0,0.48717948717948717,0.5128205128205128,0.631578947368421,52.375,2445,233,341,395
89,uniform,1089,50,40,SSTF,94.45,56.055753495961504,186.0,9.0,195.0,73.61538461538461,63.0,0.46153846153846156,0.5384615384615384,0.7368421052631579,44.45,2885,239,339,393
90,uniform,1090,50,40,SSTF,110.8,52.036141286609634,195.0,4.0,199.0,57.1025641025641,51.0,0.48717948717948717,0.5128205128205128,0.6842105263157895,60.8,2234,241,344,392
91,uniform,1091,50,40,SSTF,84.925,57.91260117625524,188.0,1.0,189.0,62.12820512820513,53.0,0.41025641025641024,0.5897435897435898,0.631578947368421,34.925,2493,237,347,391
92,uniform,1092,50,40,SSTF,100.25,64.21672289988022,195.0,3.0,198.0,66.64102564102564,64.0,0.5384615384615384,0.46153846153846156,0.7368421052631579,50.25,2743,242,345,395
93,uniform,1093,50,40,SSTF,98.95,50.926883863044274,186.0,6.0,192.0,54.256410256410255,41.0,0.4358974358974359,0.5128205128205128,0.7222222222222222,48.95,2239,330,342,397
94,uniform,1094,50,40,SSTF,105.5,58.24602990762546,192.0,7.0,199.0,84.94871794871794,67.0,0.48717948717948717,0.5128205128205128,0.7894736842105263,55.5,3405,235,341,393
95,uniform,1095,50,40,SSTF,103.375,54.105308196146524,184.0,4.0,188.0,59.0,51.0,0.46153846153846156,0.5384615384615384,0.631578947368421,53.375,2346,324,344,397
96,uniform,1096,50,40,SSTF,102.375,60.432064129897135,193.0,2.0,195.0,65.71794871794872,51.0,0.5641025641025641,0.4358974358974359,0.631578947368421,52.375,2623,243,346,396
97,uniform,1097,50,40,SSTF,95.625,50.52904486530494,199.0,0.0,199.0,62.87179487179487,71.0,0.46153846153846156,0.5384615384615384,0.6842105263157895,45.625,2487,249,348,396
98,uniform,1098,50,40,SSTF,85.225,55.389749728627585,183.0,0.0,183.0,71.56410256410257,66.0,0.46153846153846156,0.5384615384615384,0.7105263157894737,35.224999999999994,2842,320,348,396
99,uniform,1099,50,40,SSTF,101.875,62.55245298947116,190.0,3.0,193.0,72.56410256410257,60.0,0.38461538461538464,0.5897435897435898,0.7027027027027027,51.875,2837,237,345,397
100,uniform,1100,50,40,SSTF,86.4,55.17961580148959,192.0,1.0,193.0,61.84615384615385,55.0,0.5128205128205128,0.48717948717948717,0.6842105263157895,36.400000000000006,2455,241,347,395
101,uniform,1101,50,40,SSTF,108.2,58.056954794408576,188.0,0.0,188.0,58.743589743589745,48.0,0.46153846153846156,0.5384615384615384,0.6052631578947368,58.2,2298,238,348,392
102,uniform,1102,50,40,SSTF,97.475,54.684544205835714,188.0,7.0,195.0,61.717948717948715,54.0,0.6153846153846154,0.38461538461538464,0.5789473684210527,47.474999999999994,2432,333,341,373
103,uniform,1103,50,40,SSTF,104.6,55.35241638808553,191.0,6.0,197.0,50.94871794871795,39.0,0.46153846153846156,0.5384615384615384,0.6052631578947368,54.599999999999994,2021,245,342,393
104,uniform,1104,50,40,SSTF,101.725,61.67211180914758,190.0,0.0,190.0,70.58974358974359,63.0,0.5128205128205128,0.48717948717948717,0.7631578947368421,51.724999999999994,2883,330,348,383
105,uniform,1105,50,40,SSTF,96.25,57.05468867674242,192.0,0.0,192.0,54.87179487179487,47.0,0.48717948717948717,0.5128205128205128,0.5,46.25,2282,242,348,393
106,uniform,1106,50,40,SSTF,121.45,55.012703078470885,195.0,2.0,197.0,55.84615384615385,46.0,0.5128205128205128,0.46153846153846156,0.5945945945945946,71.45,2187,342,346,384
107,uniform,1107,50,40,SSTF,101.55,53.448082285522645,186.0,3.0,189.0,51.69230769230769,44.0,0.4358974358974359,0.5641025641025641,0.5789473684210527,51.55,2119,235,345,395
108,uniform,1108,50,40,SSTF,101.825,61.62259630200597,199.0,0.0,199.0,63.1025641025641,49.0,0.46153846153846156,0.5128205128205128,0.5945945945945946,51.825,2584,348,348,386
109,uniform,1109,50,40,SSTF,101.125,53.259359506099955,184.0,5.0,189.0,72.12820512820512,72.0,0.5641025641025641,0.4358974358974359,0.7631578947368421,51.125,2882,229,343,392
110,uniform,1110,50,40,SSTF,110.15,57.91957786448378,196.0,1.0,197.0,70.6923076923077,66.0,0.4358974358974359,0.5641025641025641,0.631578947368421,60.150000000000006,2852,249,347,390
111,uniform,1111,50,40,SSTF,116.875,49.72383105715005,187.0,11.0,198.0,52.256410256410255,37.0,0.48717948717948717,0.48717948717948717,0.6216216216216216,66.875,2155,226,337,391
112,uniform,1112,50,40,SSTF,83.925,55.98990422388665,196.0,1.0,197.0,66.97435897435898,55.0,0.5641025641025641,0.4358974358974359,0.631578947368421,33.925,2621,245,347,390
113,uniform,1113,50,40,SSTF,76.625,59.402730366541235,194.0,0.0,194.0,68.12820512820512,65.0,0.5128205128205128,0.48717948717948717,0.8157894736842105,26.625,2766,252,348,395
114,uniform,1114,50,40,SSTF,99.475,56.26054901082996,187.0,0.0,187.0,73.97435897435898,75.0,0.5128205128205128,0.48717948717948717,0.7631578947368421,49.474999999999994,2900,324,348,392
115,uniform,1115,50,40,SSTF,96.15,62.88662417398473,188.0,0.0,188.0,78.05128205128206,77.0,0.5128205128205128,0.48717948717948717,0.6578947368421053,46.150000000000006,3091,238,348,394
116,uniform,1116,50,40,SSTF,109.5,58.20180409574947,193.0,5.0,198.0,69.7948717948718,58.0,0.46153846153846156,0.5128205128205128,0.6216216216216216,59.5,2732,270,343,397
117,uniform,1117,50,40,SSTF,98.25,59.24852318834622,186.0,6.0,192.0,62.1025641025641,55.0,0.41025641025641024,0.5897435897435898,0.7105263157894737,48.25,2529,230,342,396
118,uniform,1118,50,40,SSTF,86.225,64.37099016637852,197.0,1.0,198.0,79.6923076923077,81.0,0.48717948717948717,0.5128205128205128,0.5789473684210527,36.224999999999994,3245,345,347,393
119,uniform,1119,50,40,SSTF,107.475,59.71138396486888,190.0,9.0,199.0,79.7948717948718,81.0,0.48717948717948717,0.5128205128205128,0.7368421052631579,57.474999999999994,3234,339,339,392
120,uniform,1120,50,40,SSTF,79.725,55.89319614228551,193.0,5.0,198.0,67.12820512820512,62.0,0.48717948717948717,0.48717948717948717,0.7027027027027027,29.724999999999994,2695,240,343,396
121,uniform,1121,50,40,SSTF,94.025,61.71607873966071,198.0,1.0,199.0,65.74358974358974,54.0,0.46153846153846156,0.5384615384615384,0.6578947368421053,44.025000000000006,2571,247,347,397
122,uniform,1122,50,40,SSTF,107.875,58.281724193781365,190.0,9.0,199.0,70.92307692307692,57.0,0.5384615384615384,0.46153846153846156,0.7368421052631579,57.875,2873,231,339,397
123,uniform,1123,50,40,SSTF,103.175,54.335479891135584,189.0,5.0,194.0,68.35897435897436,57.0,0.48717948717948717,0.5128205128205128,0.7105263157894737,53.175,2668,333,343,388
124,uniform,1124,50,40,SSTF,94.15,59.7153874642039,195.0,4.0,199.0,63.97435897435897,74.0,0.4358974358974359,0.5128205128205128,0.75,44.150000000000006,2621,344,344,384
125,uniform,1125,50,40,SCAN,104.65,58.73097564318168,189.0,8.0,197.0,73.2051282051282,69.0,0.48717948717948717,0.46153846153846156,0.7222222222222222,54.650000000000006,2924,346,340,396
126,uniform,1126,50,40,SSTF,84.225,55.15636296022427,180.0,6.0,186.0,62.23076923076923,43.0,0.5641025641025641,0.4358974358974359,0.7105263157894737,34.224999999999994,2429,232,342,396
127,uniform,1127,50,40,SSTF,95.9,61.306524938215176,184.0,5.0,189.0,81.84615384615384,69.0,0.4358974358974359,0.5641025641025641,0.7105263157894737,45.900000000000006,3217,229,343,396
128,uniform,1128,50,40,SSTF,91.7,54.02925133666022,196.0,2.0,198.0,66.94871794871794,62.0,0.5641025641025641,0.4358974358974359,0.6578947368421053,41.7,2677,346,346,397
129,uniform,1129,50,40,SSTF,99.3,53.879123972091456,179.0,8.0,187.0,71.7948717948718,70.0,0.46153846153846156,0.5384615384615384,0.6842105263157895,49.3,2918,221,340,395
130,uniform,1130,50,40,SSTF,82.45,52.96600324736614,194.0,2.0,196.0,69.33333333333333,65.0,0.5128205128205128,0.46153846153846156,0.7837837837837838,32.45,2769,246,346,395
131,uniform,1131,50,40,SSTF,98.325,54.07697638551919,194.0,3.0,197.0,64.07692307692308,56.0,0.48717948717948717,0.5128205128205128,0.7631578947368421,48.325,2523,241,345,395
132,uniform,1132,50,40,SSTF,87.675,56.66938657688117,192.0,7.0,199.0,67.51282051282051,62.0,0.46153846153846156,0.5384615384615384,0.7894736842105263,37.675,2747,341,341,390
133,uniform,1133,50,40,SSTF,105.825,66.204186989948,199.0,0.0,199.0,78.33333333333333,62.0,0.5128205128205128,0.48717948717948717,0.7368421052631579,55.825,3197,348,348,376
134,uniform,1134,50,40,SSTF,89.025,57.744907784150115,182.0,13.0,195.0,66.6923076923077,48.0,0.48717948717948717,0.48717948717948717,0.6756756756756757,39.025000000000006,2691,219,335,396
135,uniform,1135,50,40,SSTF,87.525,45.29237656604034,169.0,4.0,173.0,48.38461538461539,39.0,0.5128205128205128,0.46153846153846156,0.6756756756756757,37.525000000000006,2010,215,344,395
136,uniform,1136,50,40,SSTF,91.775,58.82027180318024,190.0,4.0,194.0,67.64102564102564,62.0,0.41025641025641024,0.5897435897435898,0.6052631578947368,41.775000000000006,2683,236,344,397
137,uniform,1137,50,40,SSTF,99.475,53.28132294716414,189.0,3.0,192.0,61.48717948717949,63.0,0.5128205128205128,0.48717948717948717,0.6842105263157895,49.474999999999994,2516,331,345,387
138,uniform,1138,50,40,SCAN,116.3,56.23486463040522,197.0,1.0,198.0,70.64102564102564,59.0,0.5897435897435898,0.38461538461538464,0.6756756756756757,66.3,2789,351,347,396
139,uniform,1139,50,40,SSTF,112.15,56.45509277292882,178.0,19.0,197.0,61.666666666666664,51.0,0.5128205128205128,0.48717948717948717,0.631578947368421,62.150000000000006,2417,325,329,393
140,uniform,1140,50,40,SSTF,95.975,56.90935226305076,195.0,3.0,198.0,54.743589743589745,44.0,0.5384615384615384,0.4358974358974359,0.6756756756756757,45.974999999999994,2251,242,345,397
141,uniform,1141,50,40,SSTF,92.8,60.562034311935065,195.0,0.0,195.0,67.46153846153847,60.0,0.5384615384615384,0.46153846153846156,0.6578947368421053,42.8,2724,245,348,393
142,uniform,1142,50,40,SSTF,103.175,58.706851175991375,189.0,9.0,198.0,63.56410256410256,56.0,0.5128205128205128,0.46153846153846156,0.7567567567567568,53.175,2484,230,339,393
143,uniform,1143,50,40,SSTF,81.65,55.55742524631608,199.0,0.0,199.0,70.3076923076923,61.0,0.5384615384615384,0.46153846153846156,0.8157894736842105,31.650000000000006,2752,348,348,393
144,uniform,1144,50,40,SSTF,101.875,60.244164655176355,194.0,0.0,194.0,75.3076923076923,71.0,0.5384615384615384,0.46153846153846156,0.7368421052631579,51.875,2978,342,348,396
145,uniform,1145,50,40,SSTF,92.95,50.75477810019466,186.0,12.0,198.0,51.256410256410255,44.0,0.48717948717948717,0.5128205128205128,0.5263157894736842,42.95,2023,224,336,395
146,uniform,1146,50,40,SSTF,86.525,55.937906423104536,185.0,5.0,190.0,58.61538461538461,51.0,0.4358974358974359,0.5384615384615384,0.6756756756756757,36.525000000000006,2306,230,343,391
147,uniform,1147,50,40,SSTF,105.15,56.488737815603564,199.0,0.0,199.0,75.28205128205128,60.0,0.5384615384615384,0.46153846153846156,0.7631578947368421,55.150000000000006,2942,348,348,371
148,uniform,1148,50,40,SSTF,107.1,65.90136569146348,196.0,2.0,198.0,73.76923076923077,63.0,0.5384615384615384,0.46153846153846156,0.6842105263157895,57.099999999999994,2923,244,346,395
149,uniform,1149,50,40,SSTF,117.225,51.01935294572051,179.0,15.0,194.0,60.94871794871795,50.0,0.46153846153846156,0.5384615384615384,0.7368421052631579,67.225,2520,323,333,392
150,uniform,1150,50,40,SSTF,113.75,58.588288078761956,193.0,2.0,195.0,80.41025641025641,81.0,0.46153846153846156,0.5128205128205128,0.6756756756756757,63.75,3268,243,346,393
151,uniform,1151,50,40,SSTF,107.225,56.57847978692959,186.0,8.0,194.0,70.3076923076923,69.0,0.5384615384615384,0.46153846153846156,0.7368421052631579,57.224999999999994,2830,228,340,394
152,uniform,1152,50,40,SSTF,84.425,45.81969418274199,179.0,3.0,182.0,45.84615384615385,35.0,0.48717948717948717,0.5128205128205128,0.7368421052631579,34.425,1904,313,345,397
153,uniform,1153,50,40,SSTF,96.825,59.68328388250767,191.0,2.0,193.0,67.8974358974359,62.0,0.5384615384615384,0.46153846153846156,0.5789473684210527,46.825,2696,340,346,397
154,uniform,1154,50,40,SSTF,100.075,56.23672621161371,194.0,0.0,194.0,63.07692307692308,62.0,0.5128205128205128,0.48717948717948717,0.5526315789473685,50.075,2481,246,348,394
155,uniform,1155,50,40,SSTF,99.8,59.38989813091113,192.0,4.0,196.0,65.38461538461539,62.0,0.5384615384615384,0.46153846153846156,0.7631578947368421,49.8,2574,246,344,396
156,uniform,1156,50,40,SSTF,88.225,60.77807478852879,197.0,2.0,199.0,71.8974358974359,74.0,0.5384615384615384,0.46153846153846156,0.6842105263157895,38.224999999999994,2804,253,346,397
157,uniform,1157,50,40,SSTF,94.875,54.90910102159751,194.0,3.0,197.0,56.23076923076923,47.0,0.5128205128205128,0.46153846153846156,0.4864864864864865,44.875,2205,241,345,394
158,uniform,1158,50,40,SSTF,103.125,57.14857281682544,198.0,0.0,198.0,60.717948717948715,45.0,0.5128205128205128,0.48717948717948717,0.6578947368421053,53.125,2453,248,348,393
159,uniform,1159,50,40,SSTF,109.8,58.36231660926424,193.0,5.0,198.0,70.46153846153847,52.0,0.5128205128205128,0.48717948717948717,0.7368421052631579,59.8,2777,238,343,394
160,localized,2000,50,40,SSTF,64.075,12.147813589284286,51.0,46.0,97.0,14.64102564102564,12.0,0.46153846153846156,0.5128205128205128,0.7837837837837838,14.075000000000003,579,98,302,395
161,localized,2001,50,40,SSTF,27.425,8.84558505696486,32.0,14.0,46.0,10.820512820512821,9.0,0.4358974358974359,0.5384615384615384,0.7567567567567568,22.575,430,36,334,394
162,localized,2002,50,40,SSTF,152.375,14.079572969376592,57.0,125.0,182.0,16.28205128205128,15.0,0.4358974358974359,0.5384615384615384,0.5945945945945946,102.375,738,132,149,149
163,localized,2003,50,40,SSTF,145.35,13.90062948214936,57.0,117.0,174.0,15.871794871794872,15.0,0.48717948717948717,0.48717948717948717,0.6486486486486487,95.35,721,124,149,149
164,localized,2004,50,40,SSTF,131.2,8.544588931013593,35.0,115.0,150.0,9.615384615384615,8.0,0.41025641025641024,0.5128205128205128,0.6571428571428571,81.19999999999999,461,100,149,149
165,localized,2005,50,40,SSTF,71.125,11.443748293282232,58.0,48.0,106.0,15.538461538461538,14.0,0.46153846153846156,0.5384615384615384,0.8421052631578947,21.125,634,114,300,396
166,localized,2006,50,40,SSTF,50.45,11.798199015103958,48.0,28.0,76.0,14.794871794871796,16.0,0.46153846153846156,0.48717948717948717,0.75,0.45000000000000284,599,70,320,397
167,localized,2007,50,40,SSTF,84.025,9.493385855425872,36.0,69.0,105.0,10.435897435897436,7.0,0.46153846153846156,0.5384615384615384,0.6052631578947368,34.025000000000006,429,55,149,149
168,localized,2008,50,40,SSTF,125.025,11.308155243009356,49.0,94.0,143.0,13.153846153846153,13.0,0.46153846153846156,0.5128205128205128,0.7027027027027027,75.025,606,93,149,149
169,localized,2009,50,40,SSTF,159.075,12.638013095419707,55.0,131.0,186.0,14.820512820512821,15.0,0.41025641025641024,0.5384615384615384,0.6944444444444444,109.07499999999999,702,136,149,149
170,localized,2010,50,40,SSTF,142.225,12.230060302386084,53.0,117.0,170.0,13.974358974358974,12.0,0.48717948717948717,0.5128205128205128,0.631578947368421,92.225,641,120,149,149
171,localized,2011,50,40,SSTF,132.125,9.39464608167865,38.0,114.0,152.0,9.846153846153847,8.0,0.5641025641025641,0.41025641025641024,0.6216216216216216,82.125,477,102,149,149
172,localized,2012,50,40,SSTF,154.825,6.304313999159623,30.0,139.0,169.0,7.384615384615385,7.0,0.46153846153846156,0.46153846153846156,0.6571428571428571,104.82499999999999,387,119,149,149
173,localized,2013,50,40,SSTF,96.2,7.325298628724975,29.0,83.0,112.0,10.794871794871796,10.0,0.5128205128205128,0.48717948717948717,0.7631578947368421,46.2,469,62,149,149
174,localized,2014,50,40,SSTF,85.475,12.662913369363308,64.0,50.0,114.0,14.923076923076923,12.0,0.5384615384615384,0.46153846153846156,0.7631578947368421,35.474999999999994,616,64,149,149
175,localized,2015,50,40,SSTF,140.825,8.546600201249616,39.0,123.0,162.0,10.461538461538462,10.0,0.5128205128205128,0.46153846153846156,0.7297297297297297,90.82499999999999,504,112,149,149
176,localized,2016,50,40,SSTF,54.1,7.993122043357026,32.0,38.0,70.0,8.41025641025641,7.0,0.48717948717948717,0.5128205128205128,0.6578947368421053,4.100000000000001,333,44,310,397
177,localized,2017,50,40,SSTF,89.55,11.12867916690925,47.0,66.0,113.0,12.948717948717949,10.0,0.48717948717948717,0.4358974358974359,0.6857142857142857,39.55,557,63,149,149
178,localized,2018,50,40,SSTF,68.25,5.9107952087684446,28.0,56.0,84.0,7.384615384615385,6.0,0.5128205128205128,0.48717948717948717,0.6578947368421053,18.25,305,34,149,149
179,localized,2019,50,40,SSTF,67.625,11.368129793418088,54.0,45.0,99.0,13.897435897435898,11.0,0.5384615384615384,0.38461538461538464,0.7428571428571429,17.625,552,61,303,394
180,localized,2020,50,40,SSTF,29.175,11.144253003229961,55.0,8.0,63.0,13.564102564102564,13.0,0.46153846153846156,0.5128205128205128,0.8108108108108109,20.825,534,97,340,393
181,localized,2021,50,40,SSTF,135.075,16.32695241004885,82.0,98.0,180.0,20.41025641025641,20.0,0.46153846153846156,0.5384615384615384,0.7631578947368421,85.07499999999999,872,130,149,149
182,localized,2022,50,40,SSTF,130.025,8.137836014568002,35.0,111.0,146.0,9.307692307692308,8.0,0.48717948717948717,0.48717948717948717,0.5405405405405406,80.025,458,96,149,149
183,localized,2023,50,40,SSTF,93.35,7.5615805226156265,30.0,77.0,107.0,10.435897435897436,10.0,0.5128205128205128,0.48717948717948717,0.6842105263157895,43.349999999999994,441,57,149,149
184,localized,2024,50,40,SSTF,60.7,7.273926037567333,27.0,49.0,76.0,8.564102564102564,7.0,0.46153846153846156,0.5128205128205128,0.7567567567567568,10.700000000000003,354,28,299,397
185,localized,2025,50,40,SSTF,92.025,9.760859337169038,53.0,68.0,121.0,10.871794871794872,8.0,0.46153846153846156,0.46153846153846156,0.7428571428571429,42.025000000000006,461,71,149,149
186,localized,2026,50,40,SSTF,152.675,10.164613863792367,47.0,128.0,175.0,12.153846153846153,11.0,0.46153846153846156,0.4358974358974359,0.7352941176470589,102.67500000000001,552,125,149,149
187,localized,2027,50,40,SSTF,119.475,10.767979151168523,45.0,98.0,143.0,11.58974358974359,9.0,0.5641025641025641,0.4358974358974359,0.7368421052631579,69.475,513,93,149,149
188,localized,2028,50,40,SSTF,108.5,13.832931721077784,59.0,76.0,135.0,17.128205128205128,14.0,0.5128205128205128,0.46153846153846156,0.8378378378378378,58.5,709,85,149,149
189,localized,2029,50,40,SSTF,68.05,6.41463171195354,25.0,53.0,78.0,7.615384615384615,6.0,0.48717948717948717,0.4358974358974359,0.6571428571428571,18.049999999999997,309,28,149,149
190,localized,2030,50,40,SSTF,34.075,17.479112534679786,73.0,0.0,73.0,22.256410256410255,21.0,0.46153846153846156,0.48717948717948717,0.6666666666666666,15.924999999999997,903,123,348,397
191,localized,2031,50,40,SSTF,113.375,12.372727063990379,49.0,90.0,139.0,14.051282051282051,12.0,0.5641025641025641,0.4358974358974359,0.6052631578947368,63.375,622,89,149,149
192,localized,2032,50,40,SSTF,82.725,14.46199761443764,68.0,51.0,119.0,16.564102564102566,13.0,0.46153846153846156,0.5128205128205128,0.5945945945945946,32.724999999999994,686,69,149,149
193,localized,2033,50,40,SSTF,161.25,11.706301721722365,58.0,125.0,183.0,12.76923076923077,10.0,0.5128205128205128,0.46153846153846156,0.5945945945945946,111.25,607,133,149,149
194,localized,2034,50,40,SSTF,95.5,14.370107863199914,71.0,62.0,133.0,17.846153846153847,14.0,0.4358974358974359,0.5641025641025641,0.7631578947368421,45.5,735,83,149,149
195,localized,2035,50,40,SSTF,65.575,15.912082673239228,73.0,27.0,100.0,18.307692307692307,17.0,0.4358974358974359,0.5384615384615384,0.6486486486486487,15.575000000000003,743,129,321,397
196,localized,2036,50,40,SSTF,50.025,9.301847934684806,44.0,28.0,72.0,11.384615384615385,9.0,0.41025641025641024,0.5641025641025641,0.8108108108108109,0.02499999999999858,448,66,320,397
197,localized,2037,50,40,SSTF,150.725,8.05291096436562,31.0,132.0,163.0,8.384615384615385,5.0,0.4358974358974359,0.5384615384615384,0.5405405405405406,100.725,422,113,149,149
198,localized,2038,50,40,SSTF,169.925,14.839790261321083,62.0,137.0,199.0,15.538461538461538,8.0,0.4358974358974359,0.5128205128205128,0.6111111111111112,119.92500000000001,755,149,149,149
199,localized,2039,50,40,SSTF,158.25,13.01105299351286,55.0,124.0,179.0,15.692307692307692,12.0,0.5128205128205128,0.48717948717948717,0.6578947368421053,108.25,735,129,149,149
200,localized,2040,50,40,SSTF,119.075,15.895577215062056,77.0,86.0,163.0,15.743589743589743,14.0,0.46153846153846156,0.5384615384615384,0.6842105263157895,69.075,676,113,149,149
201,localized,2041,50,40,SSTF,105.675,18.118205623074267,80.0,72.0,152.0,19.435897435897434,18.0,0.5384615384615384,0.46153846153846156,0.5789473684210527,55.675,788,102,149,149
202,localized,2042,50,40,SSTF,131.525,7.987451095311946,33.0,116.0,149.0,8.820512820512821,7.0,0.5128205128205128,0.4358974358974359,0.7222222222222222,81.525,414,99,149,149
203,localized,2043,50,40,SSTF,85.425,8.862526445658709,42.0,61.0,103.0,10.307692307692308,10.0,0.5128205128205128,0.4358974358974359,0.5833333333333334,35.425,443,53,149,149
204,localized,2044,50,40,SSTF,90.875,14.563975247163805,73.0,52.0,125.0,16.923076923076923,15.0,0.48717948717948717,0.5128205128205128,0.7368421052631579,40.875,697,75,149,149
205,localized,2045,50,40,SSTF,29.15,10.907680780074195,42.0,5.0,47.0,11.076923076923077,8.0,0.5128205128205128,0.46153846153846156,0.6216216216216216,20.85,470,45,343,395
206,localized,2046,50,40,SSTF,63.475,6.924548721757974,30.0,49.0,79.0,7.717948717948718,8.0,0.4358974358974359,0.5128205128205128,0.5555555555555556,13.475000000000001,313,31,299,397
207,localized,2047,50,40,SSTF,75.775,11.626451522283142,50.0,51.0,101.0,13.128205128205128,12.0,0.5128205128205128,0.46153846153846156,0.5405405405405406,25.775000000000006,550,51,149,149
208,localized,2048,50,40,SSTF,158.925,15.808838508884833,63.0,125.0,188.0,18.46153846153846,14.0,0.5128205128205128,0.48717948717948717,0.8157894736842105,108.92500000000001,836,138,149,149
209,localized,2049,50,40,SSTF,41.725,10.07965153167509,47.0,22.0,69.0,9.307692307692308,7.0,0.46153846153846156,0.4358974358974359,0.6176470588235294,8.274999999999999,373,75,326,397
210,localized,2050,50,40,SSTF,76.3,11.94612908016651,54.0,53.0,107.0,15.717948717948717,14.0,0.48717948717948717,0.48717948717948717,0.7567567567567568,26.299999999999997,633,57,149,149
211,localized,2051,50,40,SSTF,100.6,8.768694315575154,32.0,85.0,117.0,12.512820512820513,13.0,0.4358974358974359,0.5641025641025641,0.7105263157894737,50.599999999999994,530,67,149,149
212,localized,2052,50,40,SSTF,55.125,13.46882975614437,76.0,16.0,92.0,13.948717948717949,12.0,0.5384615384615384,0.4358974358974359,0.5135135135135135,5.125,548,110,332,397
213,localized,2053,50,40,SSTF,30.6,14.53581783044903,58.0,8.0,66.0,17.102564102564102,14.0,0.5384615384615384,0.46153846153846156,0.631578947368421,19.4,693,100,340,395
214,localized,2054,50,40,SSTF,126.5,8.78635305459552,38.0,110.0,148.0,10.435897435897436,7.0,0.5384615384615384,0.46153846153846156,0.7105263157894737,76.5,493,98,149,149
215,localized,2055,50,40,SSTF,50.475,17.599698150820654,72.0,13.0,85.0,21.23076923076923,18.0,0.48717948717948717,0.5128205128205128,0.631578947368421,0.4750000000000014,830,109,335,397
216,localized,2056,50,40,SSTF,103.725,11.920544240931285,55.0,72.0,127.0,13.41025641025641,10.0,0.4358974358974359,0.5384615384615384,0.7567567567567568,53.724999999999994,577,77,149,149
217,localized,2057,50,40,SSTF,120.65,8.8333176100489,33.0,106.0,139.0,9.256410256410257,8.0,0.6410256410256411,0.3076923076923077,0.5833333333333334,70.65,419,89,149,149
218,localized,2058,50,40,SSTF,107.675,9.333776031167664,41.0,82.0,123.0,9.256410256410257,7.0,0.46153846153846156,0.46153846153846156,0.6857142857142857,57.675,396,73,149,149
219,localized,2059,50,40,SSTF,84.1,13.567977004697495,59.0,52.0,111.0,16.0,14.0,0.41025641025641024,0.48717948717948717,0.6764705882352942,34.099999999999994,658,61,149,149
220,localized,2060,50,40,SSTF,53.15,10.470315181502418,42.0,31.0,73.0,11.35897435897436,10.0,0.5384615384615384,0.4358974358974359,0.5945945945945946,3.1499999999999986,445,61,317,397
221,localized,2061,50,40,SSTF,60.075,12.877087209458512,53.0,37.0,90.0,14.64102564102564,13.0,0.4358974358974359,0.5641025641025641,0.6578947368421053,10.075000000000003,585,66,311,397
222,localized,2062,50,40,SSTF,161.4,7.898734075787082,30.0,148.0,178.0,7.743589743589744,6.0,0.5641025641025641,0.358974358974359,0.6,111.4,416,128,149,149
223,localized,2063,50,40,SSTF,41.125,5.5461135040675105,26.0,27.0,53.0,6.0256410256410255,4.0,0.5128205128205128,0.41025641025641024,0.6571428571428571,8.875,245,49,321,397
224,localized,2064,50,40,SSTF,88.7,17.756970462328308,74.0,46.0,120.0,22.743589743589745,19.0,0.48717948717948717,0.48717948717948717,0.6216216216216216,38.7,931,78,302,394
225,localized,2065,50,40,SSTF,47.675,9.174386900496403,49.0,28.0,77.0,10.23076923076923,8.0,0.4358974358974359,0.5641025641025641,0.5789473684210527,2.325000000000003,409,71,320,397
226,localized,2066,50,40,SSTF,164.3,15.947100049852324,72.0,127.0,199.0,17.641025641025642,16.0,0.5128205128205128,0.46153846153846156,0.5675675675675675,114.30000000000001,806,149,149,149
227,localized,2067,50,40,SSTF,105.575,9.441629891072832,42.0,88.0,130.0,11.487179487179487,9.0,0.41025641025641024,0.5641025641025641,0.6486486486486487,55.575,487,80,149,149
228,localized,2068,50,40,SSTF,126.325,10.390831294944595,39.0,107.0,146.0,10.794871794871796,11.0,0.5384615384615384,0.46153846153846156,0.5526315789473685,76.325,493,96,149,149
229,localized,2069,50,40,SSTF,76.95,14.099556730621002,64.0,49.0,113.0,15.76923076923077,12.0,0.48717948717948717,0.48717948717948717,0.7297297297297297,26.950000000000003,657,65,299,397
230,localized,2070,50,40,SSTF,109.475,10.777261943555052,43.0,88.0,131.0,14.051282051282051,12.0,0.48717948717948717,0.48717948717948717,0.7837837837837838,59.474999999999994,606,81,149,149
231,localized,2071,50,40,SSTF,75.35,9.923583022275775,44.0,53.0,97.0,12.153846153846153,11.0,0.6153846153846154,0.358974358974359,0.6756756756756757,25.349999999999994,499,47,149,149
232,localized,2072,50,40,SSTF,122.2,12.296747537458838,55.0,102.0,157.0,15.564102564102564,13.0,0.5128205128205128,0.46153846153846156,0.6486486486486487,72.2,667,107,149,149
233,localized,2073,50,40,SSTF,71.925,15.818324026267762,78.0,35.0,113.0,19.512820512820515,19.0,0.5384615384615384,0.4358974358974359,0.6756756756756757,21.924999999999997,789,141,313,390
234,localized,2074,50,40,SSTF,62.7,13.952060779684125,56.0,36.0,92.0,15.897435897435898,14.0,0.46153846153846156,0.5128205128205128,0.6216216216216216,12.700000000000003,634,70,312,396
235,localized,2075,50,40,SSTF,111.4,9.289241088485108,47.0,90.0,137.0,9.615384615384615,7.0,0.5128205128205128,0.4358974358974359,0.8055555555555556,61.400000000000006,424,87,149,149
236,localized,2076,50,40,SSTF,133.525,10.377830939073926,52.0,104.0,156.0,13.179487179487179,11.0,0.5384615384615384,0.4358974358974359,0.6486486486486487,83.525,597,106,149,149
237,localized,2077,50,40,SSTF,163.375,12.70961742146474,52.0,137.0,189.0,15.282051282051283,14.0,0.5128205128205128,0.48717948717948717,0.6842105263157895,113.375,722,139,149,149
238,localized,2078,50,40,SSTF,128.1,10.185283501208987,50.0,110.0,160.0,11.923076923076923,9.0,0.46153846153846156,0.48717948717948717,0.7222222222222222,78.1,546,110,149,149
239,localized,2079,50,40,SSTF,25.575,16.764378157271448,57.0,0.0,57.0,20.23076923076923,18.0,0.5641025641025641,0.41025641025641024,0.6216216216216216,24.425,820,64,348,394
240,localized,2080,50,40,SSTF,167.7,9.271461589199408,46.0,153.0,199.0,10.102564102564102,7.0,0.41025641025641024,0.5384615384615384,0.7222222222222222,117.69999999999999,511,149,149,149
241,localized,2081,50,40,SSTF,115.225,8.088533550650576,35.0,100.0,135.0,9.64102564102564,9.0,0.48717948717948717,0.5128205128205128,0.7368421052631579,65.225,438,85,149,149
242,localized,2082,50,40,SSTF,24.425,7.529566720602189,41.0,0.0,41.0,9.076923076923077,6.0,0.48717948717948717,0.48717948717948717,0.6756756756756757,25.575,382,50,348,389
243,localized,2083,50,40,SSTF,83.725,10.876551613448079,52.0,58.0,110.0,14.512820512820513,12.0,0.46153846153846156,0.5384615384615384,0.7368421052631579,33.724999999999994,610,60,149,149
244,localized,2084,50,40,SSTF,116.6,13.322537295875737,57.0,87.0,144.0,15.871794871794872,13.0,0.48717948717948717,0.5128205128205128,0.7105263157894737,66.6,676,94,149,149
245,localized,2085,50,40,SSTF,117.075,7.852985101221063,39.0,92.0,131.0,8.153846153846153,7.0,0.46153846153846156,0.46153846153846156,0.7428571428571429,67.075,385,81,149,149
246,localized,2086,50,40,SSTF,80.375,6.934289797809146,30.0,68.0,98.0,7.3076923076923075,7.0,0.4358974358974359,0.46153846153846156,0.6176470588235294,30.375,323,48,149,149
247,localized,2087,50,40,SSTF,128.35,9.71738133449542,45.0,110.0,155.0,11.58974358974359,7.0,0.5128205128205128,0.48717948717948717,0.7368421052631579,78.35,533,105,149,149
248,localized,2088,50,40,SSTF,52.375,13.723497185484463,62.0,16.0,78.0,15.897435897435898,14.0,0.46153846153846156,0.48717948717948717,0.6666666666666666,2.375,634,96,332,397
249,localized,2089,50,40,SSTF,160.725,7.224913494291817,30.0,146.0,176.0,8.743589743589743,7.0,0.46153846153846156,0.5128205128205128,0.7567567567567568,110.725,455,126,149,149
250,localized,2090,50,40,SSTF,100.825,8.132919217599545,36.0,85.0,121.0,9.923076923076923,7.0,0.5128205128205128,0.46153846153846156,0.7297297297297297,50.825,444,71,149,149
251,localized,2091,50,40,SSTF,26.325,9.97844552022007,36.0,9.0,45.0,11.76923076923077,10.0,0.5128205128205128,0.46153846153846156,0.6756756756756757,23.675,464,41,339,393
252,localized,2092,50,40,SSTF,164.225,14.97579296731896,63.0,128.0,191.0,17.076923076923077,12.0,0.5128205128205128,0.48717948717948717,0.7368421052631579,114.225,772,141,149,149
253,localized,2093,50,40,SSTF,64.05,6.332258680755233,34.0,45.0,79.0,6.794871794871795,6.0,0.46153846153846156,0.48717948717948717,0.7222222222222222,14.049999999999997,283,63,303,393
254,localized,2094,50,40,SSTF,142.225,7.19891484878103,35.0,129.0,164.0,8.538461538461538,8.0,0.46153846153846156,0.5128205128205128,0.6756756756756757,92.225,426,114,149,149
255,localized,2095,50,40,SSTF,56.975,13.050838095693319,50.0,34.0,84.0,16.46153846153846,14.0,0.4358974358974359,0.5384615384615384,0.8108108108108109,6.975000000000001,644,66,314,397
256,localized,2096,50,40,SSTF,175.65,15.320819168699826,53.0,146.0,199.0,20.256410256410255,19.0,0.48717948717948717,0.46153846153846156,0.75,125.65,911,149,149,149
257,localized,2097,50,40,SSTF,50.0,12.839392508993562,53.0,21.0,74.0,15.717948717948717,13.0,0.4358974358974359,0.5641025641025641,0.7105263157894737,0.0,630,77,327,396
258,localized,2098,50,40,SSTF,62.125,15.20228190108314,74.0,23.0,97.0,18.256410256410255,15.0,0.46153846153846156,0.5384615384615384,0.6842105263157895,12.125,731,121,325,393
259,localized,2099,50,40,SSTF,98.75,14.192867927237257,58.0,68.0,126.0,13.179487179487179,12.0,0.5641025641025641,0.38461538461538464,0.5555555555555556,48.75,543,76,149,149
260,localized,2100,50,40,SSTF,174.625,14.339957287244617,50.0,149.0,199.0,17.333333333333332,17.0,0.5128205128205128,0.46153846153846156,0.8108108108108109,124.625,799,149,149,149
261,localized,2101,50,40,SSTF,89.425,9.977192741447867,41.0,68.0,109.0,9.717948717948717,7.0,0.48717948717948717,0.46153846153846156,0.6111111111111112,39.425,438,59,149,149
262,localized,2102,50,40,SSTF,28.125,4.945642021012034,21.0,19.0,40.0,5.564102564102564,5.0,0.46153846153846156,0.48717948717948717,0.6388888888888888,21.875,227,31,329,388
263,localized,2103,50,40,SSTF,97.45,12.57964625893749,62.0,72.0,134.0,11.051282051282051,10.0,0.46153846153846156,0.5128205128205128,0.7027027027027027,47.45,480,84,149,149
264,localized,2104,50,40,SSTF,130.725,7.807008069676885,33.0,113.0,146.0,9.871794871794872,10.0,0.48717948717948717,0.46153846153846156,0.6944444444444444,80.725,472,96,149,149
265,localized,2105,50,40,SSTF,108.75,7.598519592657507,36.0,91.0,127.0,9.35897435897436,8.0,0.5128205128205128,0.4358974358974359,0.6388888888888888,58.75,427,77,149,149
266,localized,2106,50,40,SSTF,64.35,9.966318277077049,44.0,41.0,85.0,11.435897435897436,10.0,0.5128205128205128,0.46153846153846156,0.7027027027027027,14.349999999999994,465,85,307,397
267,localized,2107,50,40,SSTF,115.6,6.945502141674135,26.0,103.0,129.0,6.769230769230769,6.0,0.46153846153846156,0.5384615384615384,0.6842105263157895,65.6,340,79,149,149
268,localized,2108,50,40,SSTF,168.55,15.517651239797857,68.0,131.0,199.0,17.025641025641026,14.0,0.41025641025641024,0.5897435897435898,0.6842105263157895,118.55000000000001,788,149,149,149
269,localized,2109,50,40,SSTF,75.675,8.388645599856988,36.0,53.0,89.0,9.179487179487179,8.0,0.5897435897435898,0.41025641025641024,0.7105263157894737,25.674999999999997,391,39,149,149
270,localized,2110,50,40,SSTF,138.425,13.610450947709264,83.0,102.0,185.0,15.564102564102564,13.0,0.5128205128205128,0.46153846153846156,0.7297297297297297,88.42500000000001,693,135,149,149
271,localized,2111,50,40,SSTF,156.875,11.728570884809452,48.0,132.0,180.0,11.461538461538462,9.0,0.4358974358974359,0.5128205128205128,0.75,106.875,577,130,149,149
272,localized,2112,50,40,SSTF,84.825,12.82358666676371,53.0,61.0,114.0,16.05128205128205,13.0,0.6410256410256411,0.358974358974359,0.6842105263157895,34.825,654,64,149,149
273,localized,2113,50,40,SSTF,158.025,9.006907071797732,41.0,139.0,180.0,12.153846153846153,12.0,0.4358974358974359,0.5641025641025641,0.7631578947368421,108.025,579,130,149,149
274,localized,2114,50,40,SSTF,64.375,7.558728398348495,32.0,49.0,81.0,9.692307692307692,8.0,0.41025641025641024,0.5384615384615384,0.6944444444444444,14.375,398,33,299,397
275,localized,2115,50,40,SSTF,90.825,11.680940672736936,47.0,68.0,115.0,11.717948717948717,11.0,0.46153846153846156,0.46153846153846156,0.7428571428571429,40.825,475,65,149,149
276,localized,2116,50,40,SSTF,40.35,6.428646824954689,27.0,30.0,57.0,6.615384615384615,5.0,0.358974358974359,0.6153846153846154,0.7027027027027027,9.649999999999999,262,51,318,396
277,localized,2117,50,40,SSTF,52.475,11.67687351134712,44.0,31.0,75.0,14.102564102564102,13.0,0.5384615384615384,0.4358974358974359,0.5675675675675675,2.4750000000000014,557,69,317,396
278,localized,2118,50,40,SSTF,52.525,13.555418658234057,59.0,29.0,88.0,17.435897435897434,13.0,0.5128205128205128,0.46153846153846156,0.6756756756756757,2.5249999999999986,688,97,319,395
279,localized,2119,50,40,SSTF,157.675,9.592672985148614,39.0,136.0,175.0,11.384615384615385,10.0,0.5128205128205128,0.46153846153846156,0.7297297297297297,107.67500000000001,558,125,149,149
280,localized,2120,50,40,SSTF,163.475,9.35945377679702,37.0,145.0,182.0,10.794871794871796,7.0,0.46153846153846156,0.48717948717948717,0.6944444444444444,113.475,529,132,149,149
281,localized,2121,50,40,SSTF,61.65,5.918403500945166,22.0,51.0,73.0,6.82051282051282,7.0,0.48717948717948717,0.46153846153846156,0.6666666666666666,11.649999999999999,286,23,149,149
282,localized,2122,50,40,SSTF,42.95,8.485134059047034,45.0,19.0,64.0,8.564102564102564,8.0,0.5128205128205128,0.46153846153846156,0.5675675675675675,7.049999999999997,340,76,329,397
283,localized,2123,50,40,SSTF,159.4,15.460918472070151,60.0,129.0,189.0,19.435897435897434,18.0,0.4358974358974359,0.5384615384615384,0.7027027027027027,109.4,871,139,149,149
284,localized,2124,50,40,SSTF,67.475,5.5721966045716655,23.0,55.0,78.0,6.948717948717949,6.0,0.5128205128205128,0.46153846153846156,0.7297297297297297,17.474999999999994,284,28,149,149
285,localized,2125,50,40,SSTF,135.7,14.800675660252812,61.0,104.0,165.0,17.974358974358974,15.0,0.46153846153846156,0.5384615384615384,0.6842105263157895,85.69999999999999,799,115,149,149
286,localized,2126,50,40,SSTF,150.425,7.559389856330999,40.0,133.0,173.0,8.58974358974359,7.0,0.48717948717948717,0.41025641025641024,0.6470588235294118,100.42500000000001,444,123,149,149
287,localized,2127,50,40,SSTF,104.45,15.114479812418287,64.0,68.0,132.0,19.0,18.0,0.4358974358974359,0.48717948717948717,0.7142857142857143,54.45,785,82,149,149
288,localized,2128,50,40,SSTF,125.675,9.600488268832997,41.0,108.0,149.0,9.743589743589743,10.0,0.5128205128205128,0.4358974358974359,0.6388888888888888,75.675,451,99,149,149
289,localized,2129,50,40,SSTF,110.8,10.005498488331304,39.0,90.0,129.0,11.461538461538462,9.0,0.5384615384615384,0.41025641025641024,0.6666666666666666,60.8,506,79,149,149
290,localized,2130,50,40,SSTF,26.55,7.338085581403368,30.0,10.0,40.0,8.64102564102564,9.0,0.5384615384615384,0.46153846153846156,0.6578947368421053,23.45,356,40,338,388
291,localized,2131,50,40,SSTF,86.375,12.326166273420133,47.0,67.0,114.0,16.102564102564102,14.0,0.5128205128205128,0.48717948717948717,0.7368421052631579,36.375,687,64,149,149
292,localized,2132,50,40,SSTF,159.925,8.498198338471514,36.0,140.0,176.0,8.692307692307692,7.0,0.48717948717948717,0.48717948717948717,0.6216216216216216,109.92500000000001,454,126,149,149
293,localized,2133,50,40,SSTF,142.025,7.514943446227655,34.0,121.0,155.0,8.846153846153847,7.0,0.5384615384615384,0.4358974358974359,0.7027027027027027,92.025,433,105,149,149
294,localized,2134,50,40,SSTF,77.3,7.746612162745724,37.0,57.0,94.0,8.846153846153847,7.0,0.46153846153846156,0.5128205128205128,0.8378378378378378,27.299999999999997,371,44,149,149
295,localized,2135,50,40,SSTF,146.0,16.218816233005416,76.0,108.0,184.0,21.128205128205128,18.0,0.46153846153846156,0.5384615384615384,0.7368421052631579,96.0,935,134,149,149
296,localized,2136,50,40,SSTF,171.35,7.863046483393062,31.0,154.0,185.0,9.076923076923077,8.0,0.4358974358974359,0.5128205128205128,0.7777777777777778,121.35,477,135,149,149
297,localized,2137,50,40,SSTF,90.825,13.479405587784647,64.0,58.0,122.0,14.102564102564102,11.0,0.48717948717948717,0.5128205128205128,0.7368421052631579,40.825,596,72,149,149
298,localized,2138,50,40,SSTF,140.625,12.515365555987568,58.0,109.0,167.0,15.76923076923077,14.0,0.46153846153846156,0.5128205128205128,0.7297297297297297,90.625,719,117,149,149
299,localized,2139,50,40,SSTF,80.625,9.577806377245262,43.0,56.0,99.0,10.897435897435898,9.0,0.41025641025641024,0.5384615384615384,0.6944444444444444,30.625,467,49,149,149
300,localized,2140,50,40,SSTF,114.675,11.009967075336782,45.0,95.0,140.0,15.256410256410257,13.0,0.5641025641025641,0.4358974358974359,0.7894736842105263,64.675,660,90,149,149
301,localized,2141,50,40,SSTF,165.025,12.00726342677631,50.0,143.0,193.0,14.0,12.0,0.5641025641025641,0.41025641025641024,0.6756756756756757,115.025,685,143,149,149
302,localized,2142,50,40,SSTF,126.725,13.511083413257428,55.0,95.0,150.0,15.692307692307692,12.0,0.48717948717948717,0.5128205128205128,0.631578947368421,76.725,682,100,149,149
303,localized,2143,50,40,SSTF,125.875,9.78567192378735,42.0,102.0,144.0,11.35897435897436,12.0,0.48717948717948717,0.48717948717948717,0.5945945945945946,75.875,511,94,149,149
304,localized,2144,50,40,SSTF,112.35,13.02986953119639,54.0,83.0,137.0,17.794871794871796,16.0,0.4358974358974359,0.5384615384615384,0.7027027027027027,62.349999999999994,773,87,149,149
305,localized,2145,50,40,SSTF,78.9,14.522052196573322,68.0,38.0,106.0,18.153846153846153,19.0,0.5384615384615384,0.46153846153846156,0.7105263157894737,28.900000000000006,754,124,310,386
306,localized,2146,50,40,SSTF,152.25,10.370028929564276,47.0,135.0,182.0,12.717948717948717,9.0,0.48717948717948717,0.5128205128205128,0.6578947368421053,102.25,609,132,149,149
307,localized,2147,50,40,SSTF,84.8,11.465600725648875,51.0,62.0,113.0,15.23076923076923,15.0,0.4358974358974359,0.5384615384615384,0.7297297297297297,34.8,637,63,149,149
308,localized,2148,50,40,SSTF,87.75,11.008519428151999,49.0,64.0,113.0,14.23076923076923,11.0,0.5641025641025641,0.41025641025641024,0.6756756756756757,37.75,583,63,149,149
309,localized,2149,50,40,SSTF,60.75,17.395042397188917,79.0,27.0,106.0,20.564102564102566,17.0,0.5641025641025641,0.4358974358974359,0.631578947368421,10.75,808,135,321,396
310,localized,2150,50,40,SSTF,51.95,15.449838186854905,63.0,23.0,86.0,16.871794871794872,14.0,0.5384615384615384,0.46153846153846156,0.631578947368421,1.9500000000000028,678,90,325,397
311,localized,2151,50,40,SSTF,118.625,9.158841356852951,38.0,94.0,132.0,9.820512820512821,7.0,0.38461538461538464,0.5897435897435898,0.6216216216216216,68.625,457,82,149,149
312,localized,2152,50,40,SSTF,102.575,8.490840653315782,32.0,87.0,119.0,10.128205128205128,8.0,0.5384615384615384,0.46153846153846156,0.7631578947368421,52.575,438,69,149,149
313,localized,2153,50,40,SSTF,34.775,10.886890051800837,52.0,10.0,62.0,11.871794871794872,8.0,0.4358974358974359,0.48717948717948717,0.6571428571428571,15.225000000000001,474,92,338,396
314,localized,2154,50,40,SSTF,53.025,9.339399070604061,45.0,32.0,77.0,10.923076923076923,10.0,0.5128205128205128,0.4358974358974359,0.5833333333333334,3.0249999999999986,431,63,316,397
315,localized,2155,50,40,SSTF,143.4,7.542545989253231,32.0,125.0,157.0,9.41025641025641,7.0,0.4358974358974359,0.5384615384615384,0.6756756756756757,93.4,467,107,149,149
316,localized,2156,50,40,SSTF,76.775,11.826849749616336,60.0,44.0,104.0,14.923076923076923,12.0,0.46153846153846156,0.5128205128205128,0.7027027027027027,26.775000000000006,609,114,304,392
317,localized,2157,50,40,SSTF,157.85,14.667225368146491,70.0,121.0,191.0,15.615384615384615,15.0,0.48717948717948717,0.48717948717948717,0.7297297297297297,107.85,726,141,149,149
318,localized,2158,50,40,SSTF,67.4,8.466994744299774,36.0,52.0,88.0,10.538461538461538,10.0,0.46153846153846156,0.5128205128205128,0.6216216216216216,17.400000000000006,431,38,149,149
319,localized,2159,50,40,SSTF,64.875,8.843606447598175,32.0,47.0,79.0,9.41025641025641,6.0,0.46153846153846156,0.5128205128205128,0.5945945945945946,14.875,388,35,301,397
320,directional,3000,50,40,SSTF,103.55,43.784100995681065,150.0,29.0,179.0,3.948717948717949,4.0,0.9230769230769231,0.05128205128205128,0.10810810810810811,53.55,175,171,319,396
321,directional,3001,50,40,SSTF,104.425,54.69821180806554,188.0,9.0,197.0,4.923076923076923,5.0,0.8974358974358975,0.05128205128205128,0.1111111111111111,54.425,233,229,339,395
322,directional,3002,50,40,SSTF,91.425,44.027768226427284,150.0,17.0,167.0,4.102564102564102,4.0,0.8717948717948718,0.07692307692307693,0.16666666666666666,41.425,193,185,331,395
323,directional,3003,50,40,SSTF,100.525,36.681730807037994,121.0,38.0,159.0,3.6153846153846154,3.0,0.8717948717948718,0.07692307692307693,0.16666666666666666,50.525000000000006,153,133,310,397
324,directional,3004,50,40,SSTF,103.6,53.4545601422367,178.0,15.0,193.0,4.666666666666667,4.0,0.9487179487179487,0.05128205128205128,0.07894736842105263,53.599999999999994,215,213,333,396
325,directional,3005,50,40,SSTF,93.275,41.624504501555336,140.0,24.0,164.0,3.948717948717949,4.0,0.8461538461538461,0.10256410256410256,0.16666666666666666,43.275000000000006,180,166,324,397
326,directional,3006,50,40,FCFS,82.8,45.91143648373463,153.0,7.0,160.0,4.17948717948718,4.0,0.8461538461538461,0.05128205128205128,0.11764705882352941,32.8,206,263,341,392
327,directional,3007,50,40,SSTF,107.375,40.914354143747644,135.0,40.0,175.0,3.8205128205128207,4.0,0.8717948717948718,0.1282051282051282,0.2631578947368421,57.375,159,145,308,394
328,directional,3008,50,40,SSTF,111.95,48.29231305290729,164.0,29.0,193.0,4.717948717948718,4.0,0.8461538461538461,0.07692307692307693,0.17142857142857143,61.95,205,187,319,395
329,directional,3009,50,40,SSTF,101.775,54.04141351778282,182.0,9.0,191.0,4.717948717948718,5.0,0.9487179487179487,0.02564102564102564,0.05405405405405406,51.775000000000006,225,223,339,394
330,directional,3010,50,40,FCFS,102.1,36.99851348365228,123.0,39.0,162.0,3.6666666666666665,3.0,0.8205128205128205,0.1794871794871795,0.3684210526315789,52.099999999999994,154,235,309,396
331,directional,3011,50,40,FCFS,115.05,46.54672383745176,154.0,38.0,192.0,4.358974358974359,4.0,0.8974358974358975,0.10256410256410256,0.21052631578947367,65.05,182,296,310,393
332,directional,3012,50,40,SSTF,95.25,42.39324828318774,144.0,24.0,168.0,3.7435897435897436,4.0,0.8717948717948718,0.02564102564102564,0.058823529411764705,45.25,172,170,324,395
333,directional,3013,50,40,FCFS,97.825,37.76829854520852,127.0,34.0,161.0,3.358974358974359,3.0,0.8205128205128205,0.02564102564102564,0.0625,47.825,147,149,314,395
334,directional,3014,50,40,FCFS,97.0,51.31276644267,173.0,11.0,184.0,4.487179487179487,4.0,0.9230769230769231,0.02564102564102564,0.05555555555555555,47.0,214,309,337,397
335,directional,3015,50,40,FCFS,91.35,41.68425961918959,140.0,21.0,161.0,3.7435897435897436,4.0,0.8717948717948718,0.05128205128205128,0.11428571428571428,41.349999999999994,175,251,327,392
336,directional,3016,50,40,SSTF,109.275,48.591659520950714,162.0,28.0,190.0,4.461538461538462,4.0,0.8717948717948718,0.10256410256410256,0.21621621621621623,59.275000000000006,196,184,320,395
337,directional,3017,50,40,FCFS,91.15,48.09290488211333,158.0,12.0,170.0,4.051282051282051,4.0,0.9230769230769231,0.0,0.0,41.150000000000006,196,196,336,395
338,directional,3018,50,40,SSTF,99.525,46.5585585580138,159.0,21.0,180.0,4.128205128205129,4.0,0.8974358974358975,0.02564102564102564,0.05714285714285714,49.525000000000006,190,188,327,396
339,directional,3019,50,40,FCFS,106.525,42.22261686584572,146.0,32.0,178.0,4.051282051282051,4.0,0.9230769230769231,0.02564102564102564,0.05555555555555555,56.525000000000006,176,274,316,393
340,directional,3020,50,40,FCFS,105.875,48.41135584756948,165.0,26.0,191.0,4.282051282051282,4.0,0.9487179487179487,0.02564102564102564,0.05405405405405406,55.875,191,310,322,397
341,directional,3021,50,40,FCFS,95.35,43.18885851698329,148.0,21.0,169.0,4.0,4.0,0.8974358974358975,0.07692307692307693,0.16216216216216217,45.349999999999994,185,267,327,394
342,directional,3022,50,40,SSTF,103.975,40.78877756197163,137.0,36.0,173.0,3.769230769230769,4.0,0.8717948717948718,0.05128205128205128,0.11428571428571428,53.974999999999994,161,153,312,396
343,directional,3023,50,40,SSTF,86.95,44.17236126810519,148.0,13.0,161.0,4.0,4.0,0.8461538461538461,0.05128205128205128,0.11764705882352941,36.95,193,185,335,395
344,directional,3024,50,40,FCFS,91.05,50.405828036051545,173.0,4.0,177.0,4.435897435897436,4.0,0.9743589743589743,0.0,0.0,41.05,219,300,344,395
345,directional,3025,50,40,FCFS,114.175,46.5826617423264,157.0,36.0,193.0,4.076923076923077,4.0,0.9743589743589743,0.02564102564102564,0.05263157894736842,64.175,173,300,312,392
346,directional,3026,50,40,FCFS,97.125,52.93731552506228,176.0,7.0,183.0,4.82051282051282,5.0,0.8717948717948718,0.07692307692307693,0.16666666666666666,47.125,231,309,341,389
347,directional,3027,50,40,FCFS,89.675,44.85219476235249,151.0,16.0,167.0,3.9743589743589745,4.0,0.8974358974358975,0.05128205128205128,0.1111111111111111,39.675,189,268,332,393
348,directional,3028,50,40,SSTF,86.925,48.329280720904585,162.0,3.0,165.0,4.3076923076923075,5.0,0.8717948717948718,0.05128205128205128,0.11428571428571428,36.925,215,209,345,393
349,directional,3029,50,40,FCFS,100.4,51.02930530587302,169.0,17.0,186.0,4.435897435897436,4.0,0.9230769230769231,0.05128205128205128,0.10810810810810811,50.400000000000006,206,307,331,397
350,directional,3030,50,40,FCFS,100.95,46.602548213590204,160.0,19.0,179.0,4.538461538461538,4.0,0.7692307692307693,0.1282051282051282,0.2647058823529412,50.95,208,289,329,391
351,directional,3031,50,40,SSTF,90.05,44.73921657785259,153.0,13.0,166.0,4.230769230769231,4.0,0.8717948717948718,0.07692307692307693,0.16666666666666666,40.05,202,190,335,396
352,directional,3032,50,40,FCFS,103.6,46.84378293861417,159.0,25.0,184.0,4.435897435897436,5.0,0.7948717948717948,0.1282051282051282,0.2857142857142857,53.599999999999994,198,293,323,390
353,directional,3033,50,40,SSTF,96.8,49.984097471095744,165.0,16.0,181.0,4.384615384615385,4.0,0.9230769230769231,0.05128205128205128,0.10810810810810811,46.8,205,203,332,395
354,directional,3034,50,40,SSTF,88.525,47.6770319441133,158.0,9.0,167.0,4.3076923076923075,4.0,0.8717948717948718,0.05128205128205128,0.11428571428571428,38.525000000000006,209,199,339,397
355,directional,3035,50,40,FCFS,87.975,48.03982072198022,163.0,9.0,172.0,4.589743589743589,5.0,0.8205128205128205,0.07692307692307693,0.17647058823529413,37.974999999999994,220,285,339,392
356,directional,3036,50,40,FCFS,106.025,43.296932628074245,145.0,33.0,178.0,3.8205128205128207,4.0,0.8461538461538461,0.02564102564102564,0.06060606060606061,56.025000000000006,166,273,315,391
357,directional,3037,50,40,SSTF,105.95,42.61452217261153,145.0,33.0,178.0,4.0256410256410255,3.0,0.9230769230769231,0.07692307692307693,0.15789473684210525,55.95,174,162,315,397
358,directional,3038,50,40,FCFS,102.125,55.41082362679696,183.0,13.0,196.0,4.743589743589744,5.0,0.9230769230769231,0.02564102564102564,0.05555555555555555,52.125,222,222,335,396
359,directional,3039,50,40,SSTF,95.925,45.55073407750966,155.0,18.0,173.0,4.17948717948718,4.0,0.8717948717948718,0.05128205128205128,0.11428571428571428,45.925,195,187,330,397
360,directional,3040,50,40,FCFS,97.55,44.582479742607404,153.0,20.0,173.0,4.0256410256410255,4.0,0.8974358974358975,0.02564102564102564,0.05714285714285714,47.55,187,276,328,391
361,directional,3041,50,40,FCFS,102.975,39.66326228388179,136.0,34.0,170.0,3.8461538461538463,4.0,0.8461538461538461,0.10256410256410256,0.2222222222222222,52.974999999999994,166,256,314,393
362,directional,3042,50,40,SSTF,96.85,38.246274328357785,132.0,31.0,163.0,3.5384615384615383,4.0,0.8717948717948718,0.07692307692307693,0.16666666666666666,46.849999999999994,157,153,317,396
363,directional,3043,50,40,FCFS,105.05,42.23147522879114,143.0,31.0,174.0,3.769230769230769,3.0,0.8717948717948718,0.05128205128205128,0.11428571428571428,55.05,166,271,317,397
364,directional,3044,50,40,SSTF,96.95,56.93546785616151,190.0,1.0,191.0,5.076923076923077,5.0,0.9230769230769231,0.05128205128205128,0.10810810810810811,46.95,247,239,347,397
365,directional,3045,50,40,FCFS,106.325,53.69468665519895,184.0,15.0,199.0,4.717948717948718,5.0,0.9230769230769231,0.0,0.0,56.325,219,341,333,396
366,directional,3046,50,40,FCFS,103.625,53.496582834794225,176.0,14.0,190.0,4.538461538461538,4.0,0.9743589743589743,0.02564102564102564,0.02631578947368421,53.625,213,216,334,394
367,directional,3047,50,40,FCFS,90.275,50.09240835695565,173.0,3.0,176.0,4.6923076923076925,5.0,0.9743589743589743,0.02564102564102564,0.05263157894736842,40.275000000000006,230,299,345,393
368,directional,3048,50,40,FCFS,101.45,37.78356124030661,129.0,36.0,165.0,3.41025641025641,3.0,0.8974358974358975,0.05128205128205128,0.1111111111111111,51.45,147,244,312,391
369,directional,3049,50,40,FCFS,119.575,47.418291565597336,162.0,37.0,199.0,4.205128205128205,4.0,0.8205128205128205,0.02564102564102564,0.0625,69.575,177,311,311,392
370,directional,3050,50,40,FCFS,100.05,48.540678816843915,163.0,19.0,182.0,4.538461538461538,4.0,0.8461538461538461,0.07692307692307693,0.14285714285714285,50.05,206,295,329,392
371,directional,3051,50,40,SSTF,93.0,40.59248698958959,137.0,22.0,159.0,3.717948717948718,4.0,0.8205128205128205,0.10256410256410256,0.22857142857142856,43.0,173,165,326,397
372,directional,3052,50,40,FCFS,102.325,45.16159181206969,155.0,24.0,179.0,4.128205128205129,4.0,0.9487179487179487,0.05128205128205128,0.10526315789473684,52.325,187,284,324,391
373,directional,3053,50,40,FCFS,103.7,48.44904539823256,163.0,22.0,185.0,4.435897435897436,4.0,0.9230769230769231,0.07692307692307693,0.15789473684210525,53.7,201,298,326,391
374,directional,3054,50,40,SSTF,90.1,44.502134780255204,147.0,17.0,164.0,4.102564102564102,4.0,0.8205128205128205,0.10256410256410256,0.17142857142857143,40.099999999999994,191,180,331,396
375,directional,3055,50,40,SSTF,95.7,48.02353589647476,167.0,13.0,180.0,4.384615384615385,4.0,0.8461538461538461,0.05128205128205128,0.11764705882352941,45.7,208,206,335,393
376,directional,3056,50,40,FCFS,90.2,45.86948876976939,156.0,10.0,166.0,4.102564102564102,3.0,0.9230769230769231,0.02564102564102564,0.05555555555555555,40.2,200,278,338,395
377,directional,3057,50,40,FCFS,102.35,56.38818581937178,191.0,7.0,198.0,4.897435897435898,5.0,0.9487179487179487,0.0,0.0,52.349999999999994,234,339,341,392
378,directional,3058,50,40,SSTF,88.55,44.34126182237036,152.0,11.0,163.0,4.153846153846154,4.0,0.8717948717948718,0.10256410256410256,0.21621621621621623,38.55,201,191,337,397
379,directional,3059,50,40,SSTF,100.425,48.034304148181434,162.0,17.0,179.0,4.256410256410256,4.0,0.9487179487179487,0.05128205128205128,0.10526315789473684,50.425,199,195,331,397
380,directional,3060,50,40,SSTF,102.05,56.21385505371429,192.0,7.0,199.0,5.128205128205129,5.0,0.9487179487179487,0.02564102564102564,0.05405405405405406,52.05,243,237,341,395
381,directional,3061,50,40,FCFS,88.575,42.64849792196672,141.0,17.0,158.0,4.256410256410256,4.0,0.7948717948717948,0.15384615384615385,0.3055555555555556,38.575,199,251,331,397
382,directional,3062,50,40,SSTF,101.6,52.392652156576304,181.0,9.0,190.0,4.846153846153846,4.0,0.9230769230769231,0.05128205128205128,0.10810810810810811,51.599999999999994,230,222,339,395
383,directional,3063,50,40,FCFS,104.9,44.702237080486256,150.0,27.0,177.0,4.0,4.0,0.8461538461538461,0.05128205128205128,0.11764705882352941,54.900000000000006,179,279,321,397
384,directional,3064,50,40,FCFS,93.85,52.67473303207146,184.0,1.0,185.0,5.0256410256410255,4.0,0.9487179487179487,0.05128205128205128,0.10526315789473684,43.849999999999994,245,319,347,391
385,directional,3065,50,40,SSTF,90.5,43.95054038348107,150.0,16.0,166.0,4.358974358974359,4.0,0.8461538461538461,0.07692307692307693,0.17142857142857143,40.5,204,186,332,395
386,directional,3066,50,40,SSTF,99.55,37.561249979200646,126.0,36.0,162.0,3.5384615384615383,3.0,0.7948717948717948,0.10256410256410256,0.23529411764705882,49.55,152,142,312,395
387,directional,3067,50,40,FCFS,99.9,52.93382661399042,182.0,7.0,189.0,4.717948717948718,5.0,0.9230769230769231,0.02564102564102564,0.05555555555555555,49.900000000000006,227,327,341,395
388,directional,3068,50,40,FCFS,99.825,37.77756443975709,127.0,33.0,160.0,3.5128205128205128,4.0,0.7435897435897436,0.10256410256410256,0.25,49.825,154,241,315,397
389,directional,3069,50,40,SSTF,109.0,47.66707459032912,161.0,28.0,189.0,4.333333333333333,4.0,0.9230769230769231,0.05128205128205128,0.10810810810810811,59.0,191,183,320,395
390,directional,3070,50,40,FCFS,91.25,47.165532966351606,160.0,12.0,172.0,4.153846153846154,4.0,0.9487179487179487,0.02564102564102564,0.05405405405405406,41.25,200,282,336,394
391,directional,3071,50,40,FCFS,92.4,52.35828492225467,175.0,5.0,180.0,4.743589743589744,4.0,0.9230769230769231,0.05128205128205128,0.10810810810810811,42.400000000000006,230,305,343,392
392,directional,3072,50,40,SSTF,100.85,42.879219908948905,149.0,24.0,173.0,4.17948717948718,4.0,0.8461538461538461,0.10256410256410256,0.2222222222222222,50.849999999999994,189,175,324,397
393,directional,3073,50,40,FCFS,106.575,46.20870453713239,154.0,29.0,183.0,4.205128205128205,4.0,0.8974358974358975,0.07692307692307693,0.16216216216216217,56.575,185,287,319,395
394,directional,3074,50,40,SSTF,100.55,50.747389095400756,170.0,17.0,187.0,4.512820512820513,4.0,0.9487179487179487,0.05128205128205128,0.10526315789473684,50.55,209,203,331,396
395,directional,3075,50,40,SSTF,103.925,43.606414379079595,151.0,29.0,180.0,3.9743589743589745,4.0,0.9487179487179487,0.02564102564102564,0.05405405405405406,53.925,176,174,319,396
396,directional,3076,50,40,FCFS,98.3,53.9458988246558,177.0,12.0,189.0,4.641025641025641,5.0,0.9230769230769231,0.05128205128205128,0.10810810810810811,48.3,219,320,336,396
397,directional,3077,50,40,FCFS,93.7,44.03532672752639,150.0,20.0,170.0,3.8461538461538463,3.0,0.9230769230769231,0.0,0.0,43.7,180,270,328,394
398,directional,3078,50,40,SSTF,107.2,43.264419561575075,143.0,36.0,179.0,3.717948717948718,3.0,0.8974358974358975,0.02564102564102564,0.05714285714285714,57.2,159,157,312,397
399,directional,3079,50,40,FCFS,98.525,52.272357656796004,177.0,12.0,189.0,4.589743589743589,4.0,0.9487179487179487,0.02564102564102564,0.05405405405405406,48.525000000000006,217,219,336,397
400,directional,3080,50,40,SSTF,111.5,44.326628565682725,153.0,34.0,187.0,4.230769230769231,4.0,0.8461538461538461,0.10256410256410256,0.2222222222222222,61.5,181,169,314,397
401,directional,3081,50,40,FCFS,111.175,45.616821184734036,158.0,32.0,190.0,4.3076923076923075,4.0,0.8205128205128205,0.10256410256410256,0.22857142857142856,61.175,186,302,316,396
402,directional,3082,50,40,FCFS,111.55,49.89336128183788,168.0,30.0,198.0,4.512820512820513,4.0,0.9230769230769231,0.05128205128205128,0.10810810810810811,61.55,196,316,318,391
403,directional,3083,50,40,FCFS,85.1,46.97967645695317,162.0,4.0,166.0,4.410256410256411,4.0,0.9487179487179487,0.05128205128205128,0.10526315789473684,35.099999999999994,218,278,344,395
404,directional,3084,50,40,FCFS,106.825,50.30103751415074,170.0,23.0,193.0,4.615384615384615,4.0,0.9230769230769231,0.05128205128205128,0.10810810810810811,56.825,207,315,325,397
405,directional,3085,50,40,FCFS,99.45,41.85627193145611,145.0,25.0,170.0,4.17948717948718,4.0,0.8205128205128205,0.10256410256410256,0.22857142857142856,49.45,188,271,323,397
406,directional,3086,50,40,SSTF,112.6,51.05918134870554,173.0,26.0,199.0,4.641025641025641,4.0,0.9487179487179487,0.05128205128205128,0.10526315789473684,62.599999999999994,205,197,322,395
407,directional,3087,50,40,FCFS,112.425,44.38856130806674,150.0,36.0,186.0,4.0,3.0,0.8974358974358975,0.07692307692307693,0.16216216216216217,62.425,170,286,312,392
408,directional,3088,50,40,FCFS,111.375,50.189484705463954,170.0,28.0,198.0,4.461538461538462,5.0,0.8717948717948718,0.05128205128205128,0.11428571428571428,61.375,196,322,320,397
409,directional,3089,50,40,SSTF,97.55,55.10170142563658,185.0,4.0,189.0,4.948717948717949,5.0,0.9487179487179487,0.02564102564102564,0.05405405405405406,47.55,239,231,344,397
410,directional,3090,50,40,SSTF,87.1,46.471927009755035,158.0,11.0,169.0,4.358974358974359,4.0,0.8461538461538461,0.05128205128205128,0.11764705882352941,37.099999999999994,209,197,337,395
411,directional,3091,50,40,FCFS,100.525,56.33648351645672,188.0,5.0,193.0,4.871794871794871,5.0,0.9743589743589743,0.02564102564102564,0.05263157894736842,50.525000000000006,235,331,343,393
412,directional,3092,50,40,FCFS,105.7,44.24545174365383,148.0,30.0,178.0,4.102564102564102,4.0,0.8717948717948718,0.10256410256410256,0.21621621621621623,55.7,180,276,318,392
413,directional,3093,50,40,FCFS,106.475,54.168250617866555,185.0,14.0,199.0,4.948717948717949,5.0,0.8717948717948718,0.10256410256410256,0.21621621621621623,56.474999999999994,229,336,334,397
414,directional,3094,50,40,FCFS,99.35,44.74905026925152,154.0,21.0,175.0,4.0,4.0,0.9230769230769231,0.02564102564102564,0.05555555555555555,49.349999999999994,185,185,327,395
415,directional,3095,50,40,FCFS,91.15,49.46592261345178,165.0,10.0,175.0,4.435897435897436,4.0,0.8717948717948718,0.07692307692307693,0.16666666666666666,41.150000000000006,213,290,338,391
416,directional,3096,50,40,FCFS,110.1,44.77543969633353,150.0,35.0,185.0,4.0,4.0,0.8205128205128205,0.05128205128205128,0.12121212121212122,60.099999999999994,171,285,313,392
417,directional,3097,50,40,FCFS,109.975,51.32566974721324,177.0,21.0,198.0,4.538461538461538,4.0,0.9743589743589743,0.0,0.0,59.974999999999994,206,325,327,394
418,directional,3098,50,40,FCFS,93.025,49.707890470226154,175.0,5.0,180.0,4.641025641025641,5.0,0.8974358974358975,0.07692307692307693,0.16216216216216217,43.025000000000006,226,307,343,397
419,directional,3099,50,40,FCFS,100.95,50.862043804786296,171.0,16.0,187.0,4.487179487179487,4.0,0.9230769230769231,0.05128205128205128,0.10810810810810811,50.95,209,314,332,397
420,directional,3100,50,40,SSTF,110.575,49.68646068095412,168.0,25.0,193.0,4.461538461538462,4.0,0.9230769230769231,0.05128205128205128,0.10810810810810811,60.575,199,193,323,396
421,directional,3101,50,40,FCFS,99.45,51.20495581484276,171.0,14.0,185.0,4.641025641025641,5.0,0.9230769230769231,0.07692307692307693,0.15789473684210525,49.45,217,308,334,397
422,directional,3102,50,40,SSTF,113.725,45.70830750531023,154.0,36.0,190.0,4.615384615384615,5.0,0.8205128205128205,0.1282051282051282,0.2777777777777778,63.724999999999994,194,168,312,396
423,directional,3103,50,40,FCFS,93.95,44.31080567987903,152.0,19.0,171.0,3.8974358974358974,4.0,0.9230769230769231,0.0,0.0,43.95,183,273,329,395
424,directional,3104,50,40,SSTF,97.85,47.65897082396975,157.0,18.0,175.0,4.076923076923077,4.0,0.8974358974358975,0.02564102564102564,0.05714285714285714,47.849999999999994,191,189,330,394
425,directional,3105,50,40,FCFS,97.35,48.62794978199266,163.0,15.0,178.0,4.384615384615385,4.0,0.9487179487179487,0.05128205128205128,0.10526315789473684,47.349999999999994,206,291,333,394
426,directional,3106,50,40,SSTF,103.25,40.099095999785334,138.0,35.0,173.0,3.6923076923076925,4.0,0.9230769230769231,0.07692307692307693,0.15789473684210525,53.25,159,153,313,397
427,directional,3107,50,40,FCFS,103.575,43.59982081385198,146.0,30.0,176.0,4.0,4.0,0.8717948717948718,0.10256410256410256,0.21621621621621623,53.575,176,272,318,392
428,directional,3108,50,40,FCFS,99.025,52.00744538044529,172.0,13.0,185.0,4.512820512820513,5.0,0.8974358974358975,0.05128205128205128,0.1111111111111111,49.025000000000006,213,307,335,390
429,directional,3109,50,40,FCFS,101.175,48.8492003516946,163.0,20.0,183.0,4.384615384615385,4.0,0.9230769230769231,0.07692307692307693,0.15789473684210525,51.175,201,298,328,397
430,directional,3110,50,40,FCFS,101.625,57.527683553225046,191.0,7.0,198.0,5.102564102564102,5.0,0.8717948717948718,0.07692307692307693,0.1388888888888889,51.625,238,339,341,391
431,directional,3111,50,40,SSTF,108.55,48.0286112645369,164.0,27.0,191.0,4.256410256410256,4.0,0.9487179487179487,0.02564102564102564,0.05405405405405406,58.55,189,187,321,396
432,directional,3112,50,40,FCFS,90.25,50.64175648612516,172.0,7.0,179.0,4.717948717948718,5.0,0.8717948717948718,0.05128205128205128,0.11428571428571428,40.25,227,301,341,393
433,directional,3113,50,40,FCFS,83.9,46.214608080129814,160.0,5.0,165.0,4.461538461538462,4.0,0.8717948717948718,0.10256410256410256,0.21621621621621623,33.900000000000006,219,279,343,396
434,directional,3114,50,40,SSTF,97.0,39.31666313409621,136.0,31.0,167.0,3.58974358974359,3.0,0.8717948717948718,0.02564102564102564,0.058823529411764705,47.0,159,155,317,397
435,directional,3115,50,40,SSTF,92.825,47.831938858883824,164.0,10.0,174.0,4.3076923076923075,4.0,0.8461538461538461,0.05128205128205128,0.11764705882352941,42.825,208,204,338,397
436,directional,3116,50,40,FCFS,84.575,47.73462448789138,166.0,0.0,166.0,4.3076923076923075,4.0,0.9487179487179487,0.02564102564102564,0.05405405405405406,34.575,218,284,348,397
437,directional,3117,50,40,FCFS,93.15,42.11208258920473,147.0,18.0,165.0,3.8205128205128207,4.0,0.8717948717948718,0.02564102564102564,0.058823529411764705,43.150000000000006,181,181,330,396
438,directional,3118,50,40,FCFS,91.2,47.551656122578954,163.0,11.0,174.0,4.487179487179487,4.0,0.8974358974358975,0.05128205128205128,0.1111111111111111,41.2,214,287,337,394
439,directional,3119,50,40,SSTF,102.475,39.03331109449979,131.0,36.0,167.0,3.871794871794872,4.0,0.8205128205128205,0.10256410256410256,0.22857142857142856,52.474999999999994,165,145,312,396
440,directional,3120,50,40,SSTF,116.875,46.82103560366857,157.0,38.0,195.0,4.17948717948718,4.0,0.9487179487179487,0.05128205128205128,0.10526315789473684,66.875,175,169,310,396
441,directional,3121,50,40,FCFS,101.275,44.96664736223949,148.0,27.0,175.0,3.948717948717949,4.0,0.8461538461538461,0.02564102564102564,0.06060606060606061,51.275000000000006,177,275,321,397
442,directional,3122,50,40,FCFS,93.0,41.44514446832102,142.0,23.0,165.0,4.230769230769231,3.0,0.7435897435897436,0.15384615384615385,0.3235294117647059,43.0,192,257,325,394
443,directional,3123,50,40,SSTF,92.725,55.2616447004611,188.0,0.0,188.0,5.076923076923077,5.0,0.9230769230769231,0.05128205128205128,0.10810810810810811,42.724999999999994,248,238,348,397
444,directional,3124,50,40,FCFS,103.5,50.02849188212653,167.0,20.0,187.0,4.435897435897436,4.0,0.8717948717948718,0.07692307692307693,0.16666666666666666,53.5,203,308,328,397
445,directional,3125,50,40,SSTF,86.5,47.45524207081869,158.0,5.0,163.0,4.153846153846154,4.0,0.8974358974358975,0.05128205128205128,0.1111111111111111,36.5,207,203,343,396
446,directional,3126,50,40,SSTF,107.375,48.36459836491977,163.0,26.0,189.0,4.230769230769231,4.0,0.9230769230769231,0.02564102564102564,0.05555555555555555,57.375,189,187,322,394
447,directional,3127,50,40,FCFS,102.05,52.78633819465033,179.0,12.0,191.0,4.743589743589744,5.0,0.9230769230769231,0.05128205128205128,0.10810810810810811,52.05,223,320,336,391
448,directional,3128,50,40,SSTF,110.925,46.516871939114736,159.0,31.0,190.0,4.333333333333333,4.0,0.8717948717948718,0.05128205128205128,0.11428571428571428,60.925,188,180,317,392
449,directional,3129,50,40,SSTF,92.175,53.39283074533509,180.0,0.0,180.0,4.717948717948718,5.0,0.8974358974358975,0.02564102564102564,0.05714285714285714,42.175,234,230,348,397
450,directional,3130,50,40,SSTF,104.125,53.33159827906904,185.0,13.0,198.0,4.794871794871795,5.0,0.9487179487179487,0.02564102564102564,0.05405405405405406,54.125,224,222,335,395
451,directional,3131,50,40,FCFS,108.075,44.75566304949576,149.0,35.0,184.0,4.230769230769231,4.0,0.8205128205128205,0.10256410256410256,0.22857142857142856,58.075,180,283,313,394
452,directional,3132,50,40,FCFS,93.8,48.624685088954564,168.0,9.0,177.0,4.3076923076923075,4.0,0.9230769230769231,0.0,0.0,43.8,209,209,339,397
453,directional,3133,50,40,SSTF,97.525,38.07623110288097,128.0,34.0,162.0,3.6923076923076925,4.0,0.7948717948717948,0.10256410256410256,0.23529411764705882,47.525000000000006,160,144,314,395
454,directional,3134,50,40,FCFS,108.65,45.20760444880927,152.0,30.0,182.0,4.0,4.0,0.8717948717948718,0.05128205128205128,0.11428571428571428,58.650000000000006,176,284,318,394
455,directional,3135,50,40,SSTF,106.95,46.18655107279607,157.0,29.0,186.0,4.230769230769231,4.0,0.8974358974358975,0.07692307692307693,0.16216216216216217,56.95,186,182,319,395
456,directional,3136,50,40,SSTF,112.85,47.430238245237604,161.0,32.0,193.0,4.282051282051282,5.0,0.8974358974358975,0.05128205128205128,0.1111111111111111,62.849999999999994,185,179,316,394
457,directional,3137,50,40,SSTF,96.8,46.54470968864238,157.0,20.0,177.0,4.435897435897436,4.0,0.8717948717948718,0.10256410256410256,0.21621621621621623,46.8,203,187,328,395
458,directional,3138,50,40,FCFS,91.65,49.08795677149335,166.0,11.0,177.0,4.3076923076923075,4.0,0.9487179487179487,0.02564102564102564,0.05405405405405406,41.650000000000006,207,207,337,395
459,directional,3139,50,40,FCFS,111.2,45.93647787978525,157.0,35.0,192.0,4.435897435897436,4.0,0.8205128205128205,0.07692307692307693,0.17647058823529413,61.2,188,299,313,393
460,directional,3140,50,40,FCFS,102.4,54.98126953790718,184.0,12.0,196.0,4.871794871794871,4.0,0.9230769230769231,0.07692307692307693,0.15789473684210525,52.400000000000006,228,230,336,397
461,directional,3141,50,40,FCFS,92.075,40.16303493263426,137.0,24.0,161.0,3.717948717948718,4.0,0.8461538461538461,0.05128205128205128,0.11764705882352941,42.075,171,250,324,397
462,directional,3142,50,40,FCFS,89.45,50.48215031077816,176.0,2.0,178.0,4.512820512820513,5.0,0.8205128205128205,0.0,0.0,39.45,224,228,346,393
463,directional,3143,50,40,SSTF,86.0,43.35550714730483,150.0,9.0,159.0,4.358974358974359,4.0,0.8717948717948718,0.10256410256410256,0.21621621621621623,36.0,211,193,339,395
464,directional,3144,50,40,SSTF,97.375,39.760336706320786,133.0,31.0,164.0,3.6153846153846154,3.0,0.9230769230769231,0.05128205128205128,0.10810810810810811,47.375,160,152,317,396
465,directional,3145,50,40,FCFS,101.9,42.55807796411863,144.0,30.0,174.0,3.7948717948717947,4.0,0.8974358974358975,0.05128205128205128,0.1111111111111111,51.900000000000006,168,272,318,397
466,directional,3146,50,40,SSTF,111.0,45.4411707595656,150.0,36.0,186.0,4.3076923076923075,5.0,0.7948717948717948,0.10256410256410256,0.23529411764705882,61.0,182,164,312,395
467,directional,3147,50,40,SSTF,94.2,39.808416195573514,131.0,28.0,159.0,4.0,4.0,0.7948717948717948,0.1282051282051282,0.2571428571428571,44.2,178,157,320,397
468,directional,3148,50,40,FCFS,91.2,50.156355529483996,171.0,5.0,176.0,4.435897435897436,4.0,0.9487179487179487,0.02564102564102564,0.05405405405405406,41.2,218,297,343,392
469,directional,3149,50,40,FCFS,102.375,48.74817304268951,166.0,19.0,185.0,4.358974358974359,4.0,0.9230769230769231,0.05128205128205128,0.10810810810810811,52.375,201,303,329,397
470,directional,3150,50,40,FCFS,87.275,50.64532925157067,170.0,0.0,170.0,4.410256410256411,4.0,0.9487179487179487,0.02564102564102564,0.05405405405405406,37.275000000000006,222,222,348,396
471,directional,3151,50,40,FCFS,99.325,48.13490807096238,161.0,21.0,182.0,4.128205128205129,4.0,0.9487179487179487,0.0,0.0,49.325,190,200,327,395
472,directional,3152,50,40,SSTF,96.55,42.69598927299846,148.0,22.0,170.0,3.8974358974358974,4.0,0.8717948717948718,0.05128205128205128,0.11428571428571428,46.55,180,178,326,395
473,directional,3153,50,40,SSTF,102.9,38.614634531483006,132.0,36.0,168.0,3.4871794871794872,3.0,0.7692307692307693,0.05128205128205128,0.12903225806451613,52.900000000000006,150,146,312,397
474,directional,3154,50,40,SSTF,96.075,44.14600066823721,153.0,19.0,172.0,4.0256410256410255,4.0,0.9230769230769231,0.02564102564102564,0.05555555555555555,46.075,188,184,329,395
475,directional,3155,50,40,FCFS,96.9,54.90346072881017,183.0,6.0,189.0,4.717948717948718,4.0,0.9230769230769231,0.02564102564102564,0.027777777777777776,46.900000000000006,227,322,342,393
476,directional,3156,50,40,FCFS,103.175,47.04778820518558,159.0,22.0,181.0,4.128205128205129,4.0,0.9487179487179487,0.02564102564102564,0.05405405405405406,53.175,189,290,326,392
477,directional,3157,50,40,FCFS,104.075,52.28641673513303,180.0,15.0,195.0,4.717948717948718,6.0,0.9487179487179487,0.02564102564102564,0.05405405405405406,54.075,219,327,333,397
478,directional,3158,50,40,SSTF,105.05,48.605015173333705,162.0,24.0,186.0,4.410256410256411,4.0,0.8717948717948718,0.07692307692307693,0.16666666666666666,55.05,198,188,324,395
479,directional,3159,50,40,FCFS,99.925,46.22736608330611,153.0,20.0,173.0,4.230769230769231,4.0,0.8205128205128205,0.10256410256410256,0.22857142857142856,49.925,195,284,328,397
480,bursty,4000,50,40,SSTF,112.15,55.718735628152935,157.0,41.0,198.0,15.461538461538462,13.0,0.46153846153846156,0.5128205128205128,0.8108108108108109,62.150000000000006,751,166,307,396
481,bursty,4001,50,40,SSTF,102.05,50.23840662282195,141.0,45.0,186.0,13.564102564102564,9.0,0.4358974358974359,0.48717948717948717,0.6857142857142857,52.05,552,146,303,397
482,bursty,4002,50,40,SSTF,95.7,64.0047654475821,175.0,3.0,178.0,15.051282051282051,8.0,0.46153846153846156,0.5128205128205128,0.7297297297297297,45.7,647,222,345,371
483,bursty,4003,50,40,SSTF,95.575,72.49202973430941,198.0,1.0,199.0,13.615384615384615,9.0,0.4358974358974359,0.5128205128205128,0.6666666666666666,45.575,666,331,347,372
484,bursty,4004,50,40,SSTF,100.3,41.5981970763157,114.0,40.0,154.0,11.179487179487179,8.0,0.5128205128205128,0.46153846153846156,0.7567567567567568,50.3,446,124,308,396
485,bursty,4005,50,40,SSTF,113.025,45.59522315988814,138.0,35.0,173.0,13.615384615384615,8.0,0.4358974358974359,0.5641025641025641,0.6052631578947368,63.025000000000006,612,183,313,395
486,bursty,4006,50,40,SSTF,91.6,55.61375729079991,161.0,6.0,167.0,10.948717948717949,6.0,0.48717948717948717,0.46153846153846156,0.6666666666666666,41.599999999999994,521,205,342,386
487,bursty,4007,50,40,SSTF,105.8,54.01768229015384,161.0,35.0,196.0,12.717948717948717,7.0,0.5384615384615384,0.41025641025641024,0.6666666666666666,55.8,536,188,313,397
488,bursty,4008,50,40,SSTF,104.25,59.72007618883285,175.0,22.0,197.0,15.23076923076923,10.0,0.5641025641025641,0.41025641025641024,0.6486486486486487,54.25,613,217,326,394
489,bursty,4009,50,40,SSTF,99.5,42.504117447607356,119.0,39.0,158.0,9.974358974358974,7.0,0.4358974358974359,0.5128205128205128,0.6666666666666666,49.5,497,229,309,397
490,bursty,4010,50,40,SSTF,95.35,59.70743253565673,171.0,18.0,189.0,15.820512820512821,8.0,0.5384615384615384,0.4358974358974359,0.6216216216216216,45.349999999999994,675,310,330,388
491,bursty,4011,50,40,SSTF,85.225,53.69799228090376,161.0,18.0,179.0,14.871794871794872,8.0,0.48717948717948717,0.46153846153846156,0.7222222222222222,35.224999999999994,618,269,330,388
492,bursty,4012,50,40,SSTF,109.275,42.049368306789106,122.0,39.0,161.0,11.666666666666666,9.0,0.46153846153846156,0.5384615384615384,0.6578947368421053,59.275000000000006,559,171,309,396
493,bursty,4013,50,40,SSTF,100.575,57.38374660999402,180.0,11.0,191.0,18.487179487179485,14.0,0.5641025641025641,0.4358974358974359,0.7105263157894737,50.575,754,221,337,394
494,bursty,4014,50,40,SSTF,85.075,54.77608396919225,164.0,0.0,164.0,14.0,9.0,0.41025641025641024,0.5641025641025641,0.6486486486486487,35.075,628,214,348,379
495,bursty,4015,50,40,SSTF,106.675,53.56136083969488,148.0,23.0,171.0,13.384615384615385,8.0,0.48717948717948717,0.5128205128205128,0.5526315789473685,56.675,598,175,325,388
496,bursty,4016,50,40,SSTF,89.2,42.88367987941333,122.0,30.0,152.0,12.23076923076923,7.0,0.41025641025641024,0.5128205128205128,0.6,39.2,525,142,318,392
497,bursty,4017,50,40,SSTF,97.6,40.026741061445406,123.0,38.0,161.0,14.461538461538462,10.0,0.46153846153846156,0.48717948717948717,0.6388888888888888,47.599999999999994,647,234,310,387
498,bursty,4018,50,40,SSTF,98.575,43.918041566080795,130.0,38.0,168.0,11.333333333333334,7.0,0.4358974358974359,0.46153846153846156,0.6764705882352942,48.575,490,158,310,395
499,bursty,4019,50,40,SSTF,111.4,51.59011533229985,162.0,27.0,189.0,11.846153846153847,6.0,0.5384615384615384,0.46153846153846156,0.42105263157894735,61.400000000000006,466,215,321,397
500,bursty,4020,50,40,SSTF,98.3,62.54526360964513,161.0,23.0,184.0,11.820512820512821,6.0,0.41025641025641024,0.46153846153846156,0.696969696969697,48.3,487,188,325,386
501,bursty,4021,50,40,SSTF,113.975,50.87164608109315,150.0,42.0,192.0,11.076923076923077,7.0,0.4358974358974359,0.48717948717948717,0.5714285714285714,63.974999999999994,546,158,306,397
502,bursty,4022,50,40,SSTF,101.15,58.82157342336228,158.0,13.0,171.0,14.205128205128204,9.0,0.48717948717948717,0.46153846153846156,0.8333333333333334,51.150000000000006,588,195,335,384
503,bursty,4023,50,40,SSTF,99.75,64.41379898748404,179.0,17.0,196.0,13.35897435897436,6.0,0.46153846153846156,0.48717948717948717,0.7222222222222222,49.75,554,212,331,395
504,bursty,4024,50,40,SSTF,94.875,62.98499325236131,183.0,2.0,185.0,14.025641025641026,6.0,0.48717948717948717,0.46153846153846156,0.5555555555555556,44.875,616,318,346,368
505,bursty,4025,50,40,SSTF,105.225,56.485169513775915,180.0,8.0,188.0,13.076923076923077,9.0,0.6153846153846154,0.38461538461538464,0.631578947368421,55.224999999999994,552,222,340,392
506,bursty,4026,50,40,SSTF,97.25,57.95634132689882,173.0,18.0,191.0,12.333333333333334,6.0,0.5128205128205128,0.48717948717948717,0.6052631578947368,47.25,594,205,330,395
507,bursty,4027,50,40,SSTF,98.35,43.30909257881075,122.0,32.0,154.0,11.538461538461538,8.0,0.5128205128205128,0.48717948717948717,0.7368421052631579,48.349999999999994,553,166,316,393
508,bursty,4028,50,40,SSTF,93.375,63.77291254913798,176.0,13.0,189.0,14.461538461538462,8.0,0.38461538461538464,0.5128205128205128,0.7058823529411765,43.375,599,213,335,387
509,bursty,4029,50,40,SSTF,110.5,50.02849188212653,167.0,32.0,199.0,19.128205128205128,12.0,0.4358974358974359,0.5128205128205128,0.6666666666666666,60.5,849,215,316,393
510,bursty,4030,50,40,SSTF,97.275,65.76510757993178,185.0,14.0,199.0,13.897435897435898,10.0,0.5897435897435898,0.41025641025641024,0.7105263157894737,47.275000000000006,677,291,334,382
511,bursty,4031,50,40,SSTF,99.825,73.06397453601878,199.0,0.0,199.0,11.923076923076923,6.0,0.38461538461538464,0.5384615384615384,0.5714285714285714,49.825,505,249,348,378
512,bursty,4032,50,40,SSTF,88.575,59.12016893582088,177.0,11.0,188.0,17.41025641025641,12.0,0.4358974358974359,0.5641025641025641,0.6052631578947368,38.575,712,216,337,386
513,bursty,4033,50,40,SSTF,95.9,59.15268379372148,171.0,1.0,172.0,16.94871794871795,11.0,0.5641025641025641,0.41025641025641024,0.7297297297297297,45.900000000000006,780,220,347,389
514,bursty,4034,50,40,SSTF,88.675,45.27879608602685,124.0,29.0,153.0,8.743589743589743,7.0,0.41025641025641024,0.5641025641025641,0.7567567567567568,38.675,435,145,319,396
515,bursty,4035,50,40,SSTF,96.575,69.95923366504239,197.0,0.0,197.0,15.025641025641026,7.0,0.5128205128205128,0.48717948717948717,0.6578947368421053,46.575,636,344,348,370
516,bursty,4036,50,40,SSTF,91.675,38.06992743623239,103.0,45.0,148.0,12.0,8.0,0.358974358974359,0.5897435897435898,0.6388888888888888,41.675,559,110,303,395
517,bursty,4037,50,40,SSTF,97.95,60.85554617288387,166.0,0.0,166.0,13.333333333333334,5.0,0.48717948717948717,0.48717948717948717,0.6756756756756757,47.95,594,216,348,382
518,bursty,4038,50,40,SSTF,100.125,43.95633486768432,126.0,47.0,173.0,11.461538461538462,8.0,0.48717948717948717,0.46153846153846156,0.6666666666666666,50.125,486,129,301,396
519,bursty,4039,50,40,SSTF,98.575,64.63083145836822,185.0,1.0,186.0,15.743589743589743,9.0,0.5641025641025641,0.41025641025641024,0.7027027027027027,48.575,724,234,347,376
520,bursty,4040,50,40,SSTF,98.375,64.07678499269451,186.0,13.0,199.0,16.94871794871795,9.0,0.4358974358974359,0.5641025641025641,0.6842105263157895,48.375,680,223,335,394
521,bursty,4041,50,40,SSTF,101.65,62.885829087323,188.0,11.0,199.0,13.76923076923077,9.0,0.5128205128205128,0.46153846153846156,0.6486486486486487,51.650000000000006,669,227,337,391
522,bursty,4042,50,40,SSTF,96.5,45.20564124088939,124.0,48.0,172.0,10.282051282051283,8.0,0.48717948717948717,0.46153846153846156,0.6666666666666666,46.5,503,126,300,397
523,bursty,4043,50,40,SSTF,98.25,42.88633232161501,139.0,26.0,165.0,12.435897435897436,6.0,0.41025641025641024,0.5384615384615384,0.5555555555555556,48.25,527,254,322,390
524,bursty,4044,50,40,SSTF,111.875,52.79450137088142,154.0,45.0,199.0,14.435897435897436,9.0,0.5128205128205128,0.48717948717948717,0.631578947368421,61.875,613,159,303,395
525,bursty,4045,50,40,SSTF,91.775,54.570361690206894,156.0,10.0,166.0,12.743589743589743,6.0,0.46153846153846156,0.5384615384615384,0.5263157894736842,41.775000000000006,544,196,338,378
526,bursty,4046,50,40,SSTF,97.65,61.4237535486069,183.0,3.0,186.0,14.051282051282051,10.0,0.5128205128205128,0.46153846153846156,0.6486486486486487,47.650000000000006,657,230,345,385
527,bursty,4047,50,40,SSTF,99.275,71.67949061621462,197.0,0.0,197.0,13.461538461538462,9.0,0.46153846153846156,0.48717948717948717,0.6388888888888888,49.275000000000006,672,247,348,370
528,bursty,4048,50,40,SSTF,104.775,52.62532066410617,152.0,27.0,179.0,12.743589743589743,7.0,0.38461538461538464,0.5641025641025641,0.7222222222222222,54.775000000000006,611,175,321,394
529,bursty,4049,50,40,SSTF,87.25,61.62294621324105,168.0,17.0,185.0,11.435897435897436,4.0,0.46153846153846156,0.48717948717948717,0.6388888888888888,37.25,479,201,331,379
530,bursty,4050,50,40,SSTF,103.975,39.85378746116861,118.0,40.0,158.0,11.461538461538462,8.0,0.41025641025641024,0.5641025641025641,0.7027027027027027,53.974999999999994,450,128,308,395
531,bursty,4051,50,40,SSTF,102.725,64.43174198328026,177.0,20.0,197.0,11.717948717948717,7.0,0.5384615384615384,0.38461538461538464,0.6857142857142857,52.724999999999994,479,207,328,394
532,bursty,4052,50,40,SSTF,101.9,58.08863916464217,160.0,39.0,199.0,13.025641025641026,8.0,0.3333333333333333,0.6666666666666666,0.5789473684210527,51.900000000000006,642,231,309,397
533,bursty,4053,50,40,SSTF,110.45,70.1145313041455,199.0,0.0,199.0,19.128205128205128,12.0,0.5128205128205128,0.4358974358974359,0.75,60.45,870,249,348,384
534,bursty,4054,50,40,SSTF,97.425,56.145742269561275,166.0,17.0,183.0,15.615384615384615,10.0,0.5384615384615384,0.4358974358974359,0.6216216216216216,47.425,729,199,331,395
535,bursty,4055,50,40,SSTF,96.675,48.25214373476064,136.0,19.0,155.0,13.128205128205128,10.0,0.5128205128205128,0.46153846153846156,0.7027027027027027,46.675,536,167,329,397
536,bursty,4056,50,40,SSTF,81.7,50.38660536293351,147.0,13.0,160.0,17.641025641025642,11.0,0.46153846153846156,0.5384615384615384,0.7105263157894737,31.700000000000003,697,257,335,383
537,bursty,4057,50,40,SSTF,110.8,55.80152327669918,170.0,23.0,193.0,13.794871794871796,9.0,0.4358974358974359,0.5641025641025641,0.6842105263157895,60.8,602,197,325,396
538,bursty,4058,50,40,SSTF,76.825,54.42558566519978,154.0,1.0,155.0,13.0,8.0,0.5128205128205128,0.4358974358974359,0.5833333333333334,26.825000000000003,559,263,347,396
539,bursty,4059,50,40,SSTF,89.925,57.456673894335374,157.0,0.0,157.0,15.153846153846153,8.0,0.46153846153846156,0.5128205128205128,0.7027027027027027,39.925,651,207,348,374
540,bursty,4060,50,40,SSTF,89.6,70.02920819201086,195.0,2.0,197.0,14.435897435897436,8.0,0.46153846153846156,0.4358974358974359,0.7058823529411765,39.599999999999994,667,317,346,373
541,bursty,4061,50,40,SSTF,104.25,57.90239632346834,163.0,17.0,180.0,16.743589743589745,10.0,0.48717948717948717,0.48717948717948717,0.7297297297297297,54.25,740,196,331,380
542,bursty,4062,50,40,SSTF,81.325,57.49495086527164,156.0,1.0,157.0,13.538461538461538,9.0,0.5128205128205128,0.48717948717948717,0.7368421052631579,31.325000000000003,552,205,347,374
543,bursty,4063,50,40,SSTF,101.075,50.29084782542446,153.0,12.0,165.0,13.333333333333334,7.0,0.5128205128205128,0.41025641025641024,0.6,51.075,578,191,336,396
544,bursty,4064,50,40,SSTF,99.05,39.57015921120358,125.0,44.0,169.0,11.820512820512821,8.0,0.4358974358974359,0.5384615384615384,0.5945945945945946,49.05,554,131,304,394
545,bursty,4065,50,40,SSTF,103.675,51.899126919438636,154.0,22.0,176.0,16.358974358974358,9.0,0.5128205128205128,0.46153846153846156,0.7297297297297297,53.675,697,182,326,393
546,bursty,4066,50,40,SSTF,98.675,53.41272671377113,164.0,5.0,169.0,17.692307692307693,12.0,0.5128205128205128,0.48717948717948717,0.7631578947368421,48.675,787,213,343,395
547,bursty,4067,50,40,SSTF,95.925,46.216548713637195,129.0,33.0,162.0,14.384615384615385,8.0,0.48717948717948717,0.46153846153846156,0.6388888888888888,45.925,563,166,315,396
548,bursty,4068,50,40,SSTF,81.925,55.5429507228415,162.0,2.0,164.0,13.153846153846153,10.0,0.5384615384615384,0.41025641025641024,0.5555555555555556,31.924999999999997,607,210,346,389
549,bursty,4069,50,40,SSTF,104.475,36.337988042818225,123.0,39.0,162.0,14.666666666666666,11.0,0.5384615384615384,0.41025641025641024,0.6111111111111112,54.474999999999994,631,172,309,397
550,bursty,4070,50,40,SSTF,100.6,57.89594113579984,179.0,0.0,179.0,16.28205128205128,8.0,0.4358974358974359,0.4358974358974359,0.7272727272727273,50.599999999999994,707,229,348,392
551,bursty,4071,50,40,SSTF,82.275,52.10949409656555,165.0,4.0,169.0,17.692307692307693,12.0,0.5641025641025641,0.4358974358974359,0.631578947368421,32.275000000000006,724,211,344,378
552,bursty,4072,50,40,SSTF,110.025,54.27268534907776,157.0,42.0,199.0,15.23076923076923,9.0,0.5384615384615384,0.46153846153846156,0.5,60.025000000000006,598,306,306,390
553,bursty,4073,50,40,SSTF,104.325,64.51022690240673,190.0,0.0,190.0,17.205128205128204,8.0,0.48717948717948717,0.46153846153846156,0.6388888888888888,54.325,798,240,348,377
554,bursty,4074,50,40,SSTF,105.75,48.74153772707628,141.0,33.0,174.0,11.282051282051283,6.0,0.5128205128205128,0.48717948717948717,0.42105263157894735,55.75,442,158,315,397
555,bursty,4075,50,40,SSTF,89.55,43.359514526802535,141.0,18.0,159.0,12.948717948717949,9.0,0.5128205128205128,0.41025641025641024,0.6571428571428571,39.55,588,247,330,396
556,bursty,4076,50,40,SSTF,82.425,49.02850573900861,150.0,0.0,150.0,12.76923076923077,7.0,0.4358974358974359,0.5128205128205128,0.6111111111111112,32.425,528,200,348,381
557,bursty,4077,50,40,SSTF,103.4,38.05180679021694,122.0,44.0,166.0,13.461538461538462,12.0,0.46153846153846156,0.5384615384615384,0.7105263157894737,53.400000000000006,620,238,304,396
558,bursty,4078,50,40,SSTF,115.85,56.23635390030189,159.0,28.0,187.0,15.717948717948717,11.0,0.41025641025641024,0.5641025641025641,0.6216216216216216,65.85,736,181,320,396
559,bursty,4079,50,40,SSTF,122.275,61.6408904461965,166.0,33.0,199.0,10.282051282051283,7.0,0.38461538461538464,0.5897435897435898,0.7027027027027027,72.275,550,185,315,393
560,bursty,4080,50,40,SSTF,84.9,58.54220699632018,177.0,0.0,177.0,14.23076923076923,11.0,0.38461538461538464,0.5897435897435898,0.6756756756756757,34.900000000000006,682,301,348,385
561,bursty,4081,50,40,SSTF,97.675,54.86774439504507,141.0,10.0,151.0,11.461538461538462,7.0,0.4358974358974359,0.5128205128205128,0.75,47.675,546,181,338,380
562,bursty,4082,50,40,SSTF,104.2,43.517927340350205,129.0,34.0,163.0,14.974358974358974,9.0,0.3333333333333333,0.5897435897435898,0.7428571428571429,54.2,655,242,314,391
563,bursty,4083,50,40,SSTF,102.875,63.110691447646175,199.0,0.0,199.0,15.128205128205128,9.0,0.4358974358974359,0.5384615384615384,0.7027027027027027,52.875,657,249,348,383
564,bursty,4084,50,40,SSTF,105.425,59.089291542546015,164.0,27.0,191.0,14.76923076923077,9.0,0.5384615384615384,0.46153846153846156,0.7894736842105263,55.425,580,187,321,394
565,bursty,4085,50,40,SSTF,96.55,61.51095430896842,179.0,0.0,179.0,14.820512820512821,7.0,0.4358974358974359,0.5128205128205128,0.6388888888888888,46.55,630,229,348,389
566,bursty,4086,50,40,SSTF,113.475,53.62181808741662,160.0,34.0,194.0,14.512820512820513,8.0,0.5128205128205128,0.46153846153846156,0.5945945945945946,63.474999999999994,702,176,314,395
567,bursty,4087,50,40,SSTF,93.85,46.765665824405836,150.0,11.0,161.0,13.948717948717949,12.0,0.5384615384615384,0.4358974358974359,0.6216216216216216,43.849999999999994,649,189,337,396
568,bursty,4088,50,40,SSTF,91.175,51.44894921181578,146.0,20.0,166.0,12.179487179487179,7.0,0.46153846153846156,0.4358974358974359,0.5882352941176471,41.175,477,176,328,396
569,bursty,4089,50,40,SSTF,91.825,62.26390908865264,181.0,7.0,188.0,17.871794871794872,13.0,0.5897435897435898,0.41025641025641024,0.7368421052631579,41.825,735,224,341,383
570,bursty,4090,50,40,SSTF,103.0,44.46909038871832,144.0,38.0,182.0,12.384615384615385,8.0,0.5384615384615384,0.4358974358974359,0.6486486486486487,53.0,507,278,310,397
571,bursty,4091,50,40,SSTF,102.85,49.73105166794686,160.0,35.0,195.0,14.23076923076923,8.0,0.5641025641025641,0.41025641025641024,0.6486486486486487,52.849999999999994,560,175,313,397
572,bursty,4092,50,40,SSTF,99.775,45.99102493965535,131.0,42.0,173.0,13.820512820512821,11.0,0.46153846153846156,0.5128205128205128,0.6756756756756757,49.775000000000006,552,139,306,395
573,bursty,4093,50,40,SSTF,104.2,47.82635256843239,129.0,53.0,182.0,10.461538461538462,7.0,0.46153846153846156,0.48717948717948717,0.8055555555555556,54.2,420,132,149,149
574,bursty,4094,50,40,SSTF,94.775,54.891933605949795,145.0,6.0,151.0,16.846153846153847,10.0,0.5128205128205128,0.48717948717948717,0.7894736842105263,44.775000000000006,741,189,342,389
575,bursty,4095,50,40,SSTF,122.5,50.42866248474175,144.0,48.0,192.0,14.076923076923077,9.0,0.48717948717948717,0.46153846153846156,0.5833333333333334,72.5,615,186,300,396
576,bursty,4096,50,40,SSTF,104.525,65.28475606908553,185.0,14.0,199.0,14.948717948717949,11.0,0.4358974358974359,0.48717948717948717,0.7142857142857143,54.525000000000006,723,221,334,387
577,bursty,4097,50,40,SSTF,83.5,53.15872458966637,163.0,0.0,163.0,14.615384615384615,10.0,0.48717948717948717,0.48717948717948717,0.6216216216216216,33.5,620,213,348,387
578,bursty,4098,50,40,SSTF,98.4,66.07639518012465,194.0,5.0,199.0,17.46153846153846,16.0,0.48717948717948717,0.48717948717948717,0.6486486486486487,48.400000000000006,720,343,343,387
579,bursty,4099,50,40,SSTF,78.625,58.535325872501986,170.0,0.0,170.0,18.94871794871795,11.0,0.4358974358974359,0.5384615384615384,0.8108108108108109,28.625,766,220,348,388
580,bursty,4100,50,40,SSTF,87.675,56.14329323258478,167.0,5.0,172.0,17.384615384615383,13.0,0.38461538461538464,0.5897435897435898,0.6486486486486487,37.675,793,289,343,388
581,bursty,4101,50,40,SSTF,94.35,54.48190066434908,172.0,12.0,184.0,14.743589743589743,8.0,0.48717948717948717,0.5128205128205128,0.7105263157894737,44.349999999999994,594,210,336,396
582,bursty,4102,50,40,SCAN,109.325,57.79463102226711,164.0,35.0,199.0,14.948717948717949,11.0,0.48717948717948717,0.46153846153846156,0.6666666666666666,59.325,614,321,313,397
583,bursty,4103,50,40,SSTF,100.575,62.20204478150216,159.0,8.0,167.0,11.205128205128204,8.0,0.48717948717948717,0.4358974358974359,0.6857142857142857,50.575,544,201,340,369
584,bursty,4104,50,40,SSTF,99.375,54.510864742728124,161.0,4.0,165.0,15.76923076923077,10.0,0.4358974358974359,0.46153846153846156,0.6764705882352942,49.375,687,207,344,389
585,bursty,4105,50,40,SSTF,79.7,57.96128017909887,166.0,0.0,166.0,13.153846153846153,10.0,0.48717948717948717,0.48717948717948717,0.5405405405405406,29.700000000000003,556,282,348,380
586,bursty,4106,50,40,SSTF,101.175,56.49375518586103,161.0,14.0,175.0,12.820512820512821,10.0,0.5128205128205128,0.48717948717948717,0.6842105263157895,51.175,515,197,334,387
587,bursty,4107,50,40,SSTF,97.775,39.407161468443775,120.0,36.0,156.0,12.512820512820513,9.0,0.4358974358974359,0.5641025641025641,0.6578947368421053,47.775000000000006,506,142,312,395
588,bursty,4108,50,40,SSTF,91.075,47.42066400842569,139.0,19.0,158.0,12.333333333333334,8.0,0.4358974358974359,0.5384615384615384,0.7567567567567568,41.075,581,180,329,391
589,bursty,4109,50,40,SSTF,113.15,40.90082517504995,122.0,42.0,164.0,14.58974358974359,9.0,0.46153846153846156,0.5384615384615384,0.6578947368421053,63.150000000000006,641,188,306,395
590,bursty,4110,50,40,SSTF,104.4,64.3,188.0,9.0,197.0,18.102564102564102,10.0,0.48717948717948717,0.46153846153846156,0.6666666666666666,54.400000000000006,742,229,339,396
591,bursty,4111,50,40,SSTF,101.975,43.74099192976767,133.0,38.0,171.0,13.564102564102564,9.0,0.5897435897435898,0.41025641025641024,0.631578947368421,51.974999999999994,632,145,310,396
592,bursty,4112,50,40,SSTF,99.4,40.94984737456295,135.0,38.0,173.0,13.58974358974359,8.0,0.46153846153846156,0.46153846153846156,0.5428571428571428,49.400000000000006,578,167,310,397
593,bursty,4113,50,40,SSTF,91.725,50.657668471811846,145.0,27.0,172.0,12.333333333333334,7.0,0.5641025641025641,0.358974358974359,0.6,41.724999999999994,592,234,321,393
594,bursty,4114,50,40,SSTF,120.15,49.9527526769046,141.0,48.0,189.0,14.128205128205128,7.0,0.46153846153846156,0.5384615384615384,0.6052631578947368,70.15,629,143,300,396
595,bursty,4115,50,40,SSTF,96.925,47.41644625021998,142.0,21.0,163.0,16.897435897435898,12.0,0.48717948717948717,0.5128205128205128,0.6578947368421053,46.925,667,177,327,391
596,bursty,4116,50,40,SSTF,90.75,51.58379105882002,170.0,3.0,173.0,12.923076923076923,8.0,0.46153846153846156,0.5128205128205128,0.5405405405405406,40.75,521,217,345,390
597,bursty,4117,50,40,SSTF,95.525,59.710127909760836,178.0,1.0,179.0,15.794871794871796,7.0,0.38461538461538464,0.5897435897435898,0.7567567567567568,45.525000000000006,653,227,347,396
598,bursty,4118,50,40,SSTF,98.575,52.63073602943436,153.0,27.0,180.0,16.794871794871796,10.0,0.46153846153846156,0.48717948717948717,0.6666666666666666,48.575,687,254,321,397
599,bursty,4119,50,40,SSTF,108.85,61.80798896582868,182.0,8.0,190.0,14.333333333333334,8.0,0.46153846153846156,0.46153846153846156,0.7142857142857143,58.849999999999994,688,224,340,394
600,bursty,4120,50,40,SSTF,90.275,53.13284647936717,156.0,22.0,178.0,14.307692307692308,7.0,0.4358974358974359,0.5128205128205128,0.75,40.275000000000006,585,184,326,394
601,bursty,4121,50,40,SSTF,86.725,59.206413292818205,174.0,0.0,174.0,15.153846153846153,7.0,0.5384615384615384,0.41025641025641024,0.7222222222222222,36.724999999999994,615,224,348,386
602,bursty,4122,50,40,SSTF,83.6,55.060784593029545,162.0,8.0,170.0,17.128205128205128,12.0,0.48717948717948717,0.5128205128205128,0.6578947368421053,33.599999999999994,776,282,340,382
603,bursty,4123,50,40,SSTF,98.55,61.87566161262439,199.0,0.0,199.0,16.128205128205128,8.0,0.6153846153846154,0.38461538461538464,0.5526315789473685,48.55,648,259,348,397
604,bursty,4124,50,40,SSTF,97.025,67.58013299039888,198.0,1.0,199.0,13.948717948717949,8.0,0.5128205128205128,0.48717948717948717,0.6052631578947368,47.025000000000006,584,247,347,378
605,bursty,4125,50,40,SSTF,91.3,60.96646619248979,182.0,7.0,189.0,17.46153846153846,12.0,0.5128205128205128,0.4358974358974359,0.7777777777777778,41.3,707,225,341,391
606,bursty,4126,50,40,SSTF,92.725,59.46679220371652,175.0,0.0,175.0,11.76923076923077,8.0,0.5384615384615384,0.4358974358974359,0.5945945945945946,42.724999999999994,490,225,348,373
607,bursty,4127,50,40,SSTF,76.45,57.49910868874404,163.0,0.0,163.0,13.871794871794872,11.0,0.5897435897435898,0.41025641025641024,0.7368421052631579,26.450000000000003,573,280,348,396
608,bursty,4128,50,40,SSTF,97.4,59.764454318599775,168.0,20.0,188.0,15.461538461538462,11.0,0.46153846153846156,0.5384615384615384,0.5526315789473685,47.400000000000006,647,198,328,395
609,bursty,4129,50,40,SSTF,99.675,60.53155685260375,166.0,16.0,182.0,15.76923076923077,9.0,0.5384615384615384,0.4358974358974359,0.6216216216216216,49.675,726,200,332,385
610,bursty,4130,50,40,SSTF,91.375,61.14232883199658,168.0,13.0,181.0,12.615384615384615,8.0,0.41025641025641024,0.5384615384615384,0.75,41.375,516,279,335,387
611,bursty,4131,50,40,SSTF,86.25,57.13613130060522,171.0,9.0,180.0,15.794871794871796,10.0,0.41025641025641024,0.5128205128205128,0.8,36.25,648,276,339,387
612,bursty,4132,50,40,SSTF,91.275,44.637981305162086,127.0,20.0,147.0,11.333333333333334,8.0,0.48717948717948717,0.5128205128205128,0.631578947368421,41.275000000000006,457,157,328,395
613,bursty,4133,50,40,SSTF,89.2,61.639354311997785,168.0,0.0,168.0,17.897435897435898,9.0,0.46153846153846156,0.5128205128205128,0.7297297297297297,39.2,816,286,348,380
614,bursty,4134,50,40,SSTF,99.725,64.04568193875369,180.0,19.0,199.0,15.487179487179487,11.0,0.48717948717948717,0.5128205128205128,0.7368421052631579,49.724999999999994,731,301,329,388
615,bursty,4135,50,40,SSTF,92.425,68.33699126388285,185.0,4.0,189.0,13.35897435897436,6.0,0.5128205128205128,0.46153846153846156,0.5675675675675675,42.425,555,231,344,380
616,bursty,4136,50,40,SSTF,107.675,51.24957926656569,159.0,24.0,183.0,16.23076923076923,13.0,0.46153846153846156,0.5384615384615384,0.7105263157894737,57.675,715,185,324,395
617,bursty,4137,50,40,SSTF,104.8,56.765394387778194,177.0,20.0,197.0,14.41025641025641,9.0,0.5384615384615384,0.41025641025641024,0.6666666666666666,54.8,677,207,328,397
618,bursty,4138,50,40,SSTF,89.55,70.81876516856249,198.0,1.0,199.0,17.512820512820515,7.0,0.48717948717948717,0.48717948717948717,0.6216216216216216,39.55,726,325,347,374
619,bursty,4139,50,40,SSTF,109.125,54.98917507109922,153.0,46.0,199.0,11.35897435897436,7.0,0.5384615384615384,0.46153846153846156,0.6842105263157895,59.125,447,271,302,395
620,bursty,4140,50,40,SSTF,107.375,45.442649295568145,142.0,31.0,173.0,11.153846153846153,8.0,0.46153846153846156,0.5384615384615384,0.5789473684210527,57.375,533,185,317,397
621,bursty,4141,50,40,SSTF,94.875,68.23129322385734,194.0,5.0,199.0,12.666666666666666,8.0,0.38461538461538464,0.6153846153846154,0.5789473684210527,44.875,614,343,343,374
622,bursty,4142,50,40,SSTF,105.125,66.33105890154324,184.0,12.0,196.0,13.820512820512821,8.0,0.46153846153846156,0.4358974358974359,0.6470588235294118,55.125,676,222,336,395
623,bursty,4143,50,40,SSTF,88.8,55.88255541758984,158.0,0.0,158.0,17.307692307692307,15.0,0.48717948717948717,0.48717948717948717,0.6486486486486487,38.8,758,208,348,372
624,bursty,4144,50,40,SSTF,104.4,55.62634268042435,160.0,38.0,198.0,14.051282051282051,10.0,0.48717948717948717,0.46153846153846156,0.6666666666666666,54.400000000000006,559,172,310,396
625,bursty,4145,50,40,SSTF,104.4,45.02543725495622,147.0,28.0,175.0,18.897435897435898,13.0,0.5128205128205128,0.46153846153846156,0.6216216216216216,54.400000000000006,739,272,320,395
626,bursty,4146,50,40,SSTF,121.6,54.696343570662926,155.0,41.0,196.0,12.282051282051283,6.0,0.46153846153846156,0.46153846153846156,0.8,71.6,625,164,307,397
627,bursty,4147,50,40,SSTF,108.25,48.67378657963648,143.0,26.0,169.0,13.666666666666666,9.0,0.5384615384615384,0.41025641025641024,0.6111111111111112,58.25,584,175,322,394
628,bursty,4148,50,40,SSTF,95.525,55.45988978532143,157.0,13.0,170.0,14.102564102564102,8.0,0.48717948717948717,0.48717948717948717,0.6486486486486487,45.525000000000006,602,194,335,390
629,bursty,4149,50,40,SSTF,89.2,54.67183918618432,152.0,6.0,158.0,13.897435897435898,12.0,0.358974358974359,0.6153846153846154,0.5945945945945946,39.2,647,196,342,371
630,bursty,4150,50,40,SSTF,105.25,48.70818719681528,141.0,47.0,188.0,15.153846153846153,11.0,0.4358974358974359,0.5641025641025641,0.7368421052631579,55.25,594,144,301,397
631,bursty,4151,50,40,SSTF,82.925,52.64902064616207,150.0,0.0,150.0,12.64102564102564,6.0,0.46153846153846156,0.5128205128205128,0.5405405405405406,32.925,549,200,348,368
632,bursty,4152,50,40,SSTF,101.225,51.04188843489238,145.0,18.0,163.0,9.846153846153847,5.0,0.4358974358974359,0.5128205128205128,0.6666666666666666,51.224999999999994,450,177,330,388
633,bursty,4153,50,40,SSTF,118.925,53.784471504329204,154.0,45.0,199.0,13.76923076923077,7.0,0.48717948717948717,0.48717948717948717,0.4594594594594595,68.925,596,159,303,397
634,bursty,4154,50,40,SSTF,99.7,45.620828576429865,139.0,40.0,179.0,16.025641025641026,11.0,0.41025641025641024,0.5641025641025641,0.6486486486486487,49.7,728,274,308,397
635,bursty,4155,50,40,SSTF,108.45,62.95591711666187,181.0,0.0,181.0,14.41025641025641,6.0,0.48717948717948717,0.48717948717948717,0.7297297297297297,58.45,688,231,348,388
636,bursty,4156,50,40,SSTF,101.525,56.498667019674016,155.0,24.0,179.0,10.846153846153847,6.0,0.46153846153846156,0.48717948717948717,0.6666666666666666,51.525000000000006,547,181,324,393
637,bursty,4157,50,40,SSTF,92.65,37.30050267757795,116.0,39.0,155.0,13.0,8.0,0.46153846153846156,0.48717948717948717,0.7222222222222222,42.650000000000006,528,221,309,391
638,bursty,4158,50,40,SSTF,97.975,32.916171937210436,100.0,52.0,152.0,11.153846153846153,8.0,0.46153846153846156,0.48717948717948717,0.6111111111111112,47.974999999999994,454,102,149,149
639,bursty,4159,50,40,SSTF,106.975,39.96654069343506,127.0,27.0,154.0,13.0,11.0,0.4358974358974359,0.5641025641025641,0.6578947368421053,56.974999999999994,596,156,321,397
